Adf1,olf413,1
srp,CG6206,1
Dr,Antp,1
kay,Mef2,1
GATAe,l(1)G0196,0
grh,Cyt-b5,0
Rx,BEAF-32,0
opa,faf,0
Rx,Proct,1
sob,Doc1,1
nerfin-1,CG13253,1
l(1)sc,endoA,0
gl,cpo,1
jumu,CG2865,1
Ubx,abd-A,1
tgo,E2f,1
Hsf,ru,0
sob,nudC,0
nerfin-1,wus,1
srp,CG10710,0
lab,SP1173,1
lola,CG7168,1
tup,Hsp83,0
gl,CG3168,1
GATAe,Ts,0
crol,Act5C,0
crp,CG30116,0
Rx,Rbf2,0
Hsf,AP-2,1
grh,CG9590,0
kay,Gclm,1
Adf1,tou,1
crp,Bj1,0
gl,gl,1
crp,CG8446,1
kay,Myo31DF,1
ken,porin,0
grh,beat-IIa,1
Sry-beta,CG13003,1
Hr46,CrebA,1
nerfin-1,CG31221,1
lola,CG9795,1
grh,yip7,0
Hsf,btsz,0
l(1)sc,ush,0
drm,CG6495,0
lola,CG10050,0
grh,mask,1
CG10267,MESR3,0
kay,CG4752,0
kay,Moe,0
GATAe,beat-IIa,0
drm,CG17838,0
BtbVII,rst,0
GATAe,CG3420,0
odd,CG31235,0
CG12054,Mkp3,1
tgo,tkv,0
ase,grh,1
Hsf,CG8290,1
ken,rtet,1
net,CG6455,0
Dp,Su(var)2-10,1
tgo,Kr-h1,1
ase,CG12206,1
ttk,mew,0
al,fng,1
srp,CG11395,1
ara,CG1246,0
Hsf,HLHmbeta,1
l(1)sc,ss,1
GATAe,CG15211,1
GATAe,dlp,0
grh,CG3008,0
nerfin-1,net,0
tgo,Sirt2,0
BtbVII,E(Pc),1
D,Wnt4,1
repo,ct,1
br,faf,1
ttk,sog,0
l(1)sc,CG9657,1
CG12054,CG10625,0
Hsf,CG5522,1
br,tou,1
Hr46,mas,1
tup,CG8888,0
kay,olf186-M,1
gt,Wnt4,0
odd,CG14830,0
Mef2,CG14521,0
tup,AP-2,1
jumu,CG8560,0
crol,CG4050,0
kay,CG11255,1
twi,CG5080,0
AP-2,slp2,1
net,hrg,0
BtbVII,htl,0
Trl,Hsc70-5,0
srp,Cyp4e2,1
jumu,Rpb5,1
jumu,W,0
Adf1,CG33275,1
toe,gukh,1
toe,GlyP,0
Hsf,alphaCop,1
srp,CG14528,1
lab,Cad74A,0
ase,Gad1,1
ase,aret,1
AP-2,CG3964,1
D,CG11771,0
tgo,CG10211,0
nerfin-1,CG7565,1
jumu,CG17323,1
gt,CG9279,1
repo,Su(H),1
D,drm,0
odd,insc,1
srp,Doc3,0
BtbVII,CG31121,0
Hr46,Hr46,1
gt,CG30115,1
E2f,noc,0
odd,mex1,0
grh,Nos,1
D,CG4769,0
crp,Pros28.1,1
gl,rst,1
E2f,grh,1
kay,HLHmbeta,1
l(1)sc,l(3)07882,0
kay,NK7.1,1
Hsf,CG7227,0
CG12054,CG11455,1
gl,ko,0
pdm2,ppl,0
CG12054,CG31871,0
kay,CG6981,1
grh,CG31235,0
kay,Spn4,1
GATAe,mRpL23,0
Hr39,ed,1
lola,al,1
lab,CG2781,1
Hsf,bru-3,0
jumu,Mmp1,0
tup,CG3964,1
GATAe,Bx,0
BtbVII,l(3)03670,1
eyg,ed,1
jumu,CG14968,0
odd,CG7777,0
grh,CG31150,0
grh,CG9411,0
repo,CG9338,1
vvl,crol,0
Ubx,Lkr,1
GATAe,CG3829,1
E2f,bru-3,0
ase,toe,1
Dr,Sip1,0
GATAe,CG3860,1
srp,Cht2,1
Ubx,ppa,0
Hsf,CG3624,1
Ubx,vg,1
Rel,comm2,0
Hsf,Skeletor,0
lola,retn,0
grh,CG12009,0
srp,Eip55E,1
Hsf,l(2)efl,1
kay,CG11727,1
srp,CG12708,0
abd-A,tara,0
E2f,crp,1
jumu,CG4769,1
D,mmd,1
nerfin-1,al,1
kay,CG13183,1
gt,Pif1A,1
jumu,CG9391,0
HGTX,Mdr65,1
E2f,Rpb5,0
GATAe,ScpX,0
gt,CG10082,1
Dp,Thor,0
Hsf,CG9186,1
grh,Fmrf,1
grh,CG15743,0
jumu,D,0
E2f,retn,0
Hsf,CG32105,0
abd-A,CG14591,0
br,drk,0
kay,CG4945,1
srp,bru-3,0
gl,beat-IIIc,1
Hr39,CG15544,1
Mef2,CG32369,1
GATAe,CG6981,1
Mef2,CG8547,1
ase,CG32137,0
ase,lbm,0
bowl,Dscam,0
Hsf,CG30118,1
l(1)sc,CG30116,1
jumu,Zn72D,0
ac,Pde8,0
GATAe,bib,0
ken,CG8468,1
sob,disco,1
l(1)sc,CG4169,0
lab,CG8483,1
grh,CG8525,0
gl,ko,0
kay,m1,1
gt,CG30291,1
ac,CG5645,1
BtbVII,al,0
en,CG32626,1
ttk,Eip63E,0
ac,dan,0
crp,Oscillin,0
Rx,CG10440,0
Rx,CG17321,0
crol,bowl,1
ase,CG3699,0
drm,CG9331,0
odd,S,0
toe,CG7082,0
GATAe,CG12428,1
br,Df31,0
bowl,nrv2,0
btd,scra,0
jumu,Cyp1,1
srp,Rab8,0
GATAe,CG11015,0
ac,Nopp140,1
nub,CG8596,0
Pph13,CG30085,1
Sry-beta,CG32982,0
Dr,Mhcl,0
nerfin-1,CG13607,0
lab,CG31676,1
Dp,E(Pc),1
abd-A,beat-IIa,1
GATAe,brat,0
grh,otp,1
Hsf,Cyp4ad1,1
tgo,Mbs,1
kay,CG5287,1
vvl,wg,0
eyg,bru-3,1
bowl,osp,1
grh,ppa,1
BtbVII,Calx,0
nub,cpo,1
kay,Ptp4E,1
D,alphaCop,0
lola,CG13532,1
pdm2,insc,0
sob,gsb,1
gl,CG10737,1
BtbVII,CG32809,1
Hr46,ImpL1,1
Hr46,Ast,0
grh,mei-S332,0
cnc,crol,1
Hsf,lmd,1
crol,Hexo2,1
al,CG3191,0
BtbVII,CG8160,0
opa,nudC,0
GATAe,Mbs,0
BtbVII,CG8740,0
Dp,Zn72D,1
Rx,CG15236,1
sob,capu,0
tgo,toy,0
bowl,jbug,1
tgo,net,0
jumu,CG13624,1
gsb,AP-2,1
lab,CG8965,0
ase,net,0
crol,Ets65A,0
Hr39,otp,0
sob,CG18522,0
srp,TepIV,1
grh,CG2083,1
BtbVII,BicD,1
kay,CG31122,0
tgo,aret,0
BtbVII,WASp,1
grh,CG1124,1
vvl,Antp,1
grh,fus,1
crol,CG17110,0
br,ena,1
toe,Pvf3,1
crol,ppa,1
drm,Doc3,1
GATAe,ifc,0
vvl,CG8745,1
Hr39,hrg,0
odd,CG31221,1
Rel,CG14291,0
kay,Zn72D,0
Hr46,CG6409,1
Mad,CG15743,0
disco,Sox21b,1
gt,CG4408,0
twi,Pde8,0
CrebA,CG4194,0
abd-A,CG17508,0
Xbp1,CG16798,1
br,rap,0
ac,CG13624,1
crp,Gp150,0
BtbVII,kel,1
Hr39,G-oalpha47A,0
Dp,oaf,1
E2f2,XNP,1
ase,RhoGAP68F,0
drm,trh,0
nerfin-1,CG6040,0
jumu,slif,0
grh,CG31781,1
Rel,W,0
Dp,CG12424,1
GATAe,CG5514,0
l(1)sc,beat-IIa,1
br,Mnt,1
grh,neuroligin,1
GATAe,shd,1
BtbVII,CG12075,1
srp,how,0
tgo,Him,0
BtbVII,Dhpr,1
jumu,Hph,1
E2f,dac,1
kay,Nrt,0
tup,ru,1
ac,cenG1A,1
ttk,Ast-C,1
Pph13,CG16857,1
Rx,CG16778,1
br,qm,0
AP-2,CG8552,0
crp,Sox21b,0
crol,CG11380,0
br,smi35A,1
srp,fng,0
crol,smi35A,1
ac,CG5033,1
crol,pdm2,0
lab,bnl,1
bowl,CG17508,1
GATAe,Eip63E,0
kay,MESR3,0
Adf1,CG2736,0
Dp,CG4781,0
so,ap,1
Pph13,Nos,0
gl,alpha-Est5,0
Mef2,ru,0
Hr39,CG31523,1
Hr39,CG31781,1
so,Nak,0
bowl,bowl,1
E2f,Gli,1
eyg,KdelR,0
tgo,drk,1
jumu,Rab8,0
Ubx,Rac2,0
kay,CG32685,0
Dp,tsl,0
jumu,CG3967,1
HGTX,l(2)tid,0
grh,CG10512,1
jumu,Su(var)2-10,1
drm,CG8483,1
Dp,pgant5,1
ac,pgant5,0
Dp,Ssdp,1
abd-A,CG12082,0
GATAe,GATAe,1
bowl,Dl,1
Optix,Cad74A,0
srp,slp2,0
ttk,Noa36,0
bowl,nrv2,0
ac,CG9630,1
jumu,CG11727,1
abd-A,crol,0
twi,Act57B,0
srp,otp,0
BtbVII,p130CAS,1
grh,Kr,0
jumu,CG31676,0
tgo,CG1598,1
E2f,rap,0
BtbVII,pgant5,1
Rel,G-oalpha47A,0
Trl,Mtl,0
Sox21b,cenG1A,0
Hsf,Obp99c,1
CG12054,phtf,1
Hsf,CG18473,1
sob,dsx,1
Rel,D,0
gl,milt,0
Rel,CG30085,0
Hr46,CG7265,0
Pph13,Rac2,0
gl,stan,1
ac,Nep4,0
grh,CG12424,1
CG12054,CG1647,1
crp,Proct,0
twi,stumps,1
BtbVII,ACXD,0
Rel,Myo31DF,1
nerfin-1,gem,0
bowl,br,1
D,nAcRalpha-96Ab,1
ac,bys,1
odd,HGTX,0
nerfin-1,Cyp4e2,0
ac,CG7993,1
grh,ken,0
tgo,CG13893,0
Rx,Sply,0
Hsf,Proct,0
grh,tou,1
vvl,Pxn,0
sob,nuf,0
jumu,CG9331,1
odd,Galpha49B,0
l(1)sc,CG4723,0
Hr39,CG10936,1
grh,Rnp4F,0
drm,MESR3,1
Rx,Pde8,0
ac,CG17838,0
fkh,CG11255,0
nerfin-1,Osbp,0
grh,qua,0
ac,sog,1
lola,PyK,1
sna,Argk,0
ac,E(Pc),0
Rel,Mnt,0
Usf,CG6745,1
D,MAGE,0
Hr39,CG3191,0
Trl,stumps,0
kay,l(2)09851,1
grh,CG17838,1
HGTX,Orc5,0
bowl,crol,1
bowl,sano,1
jumu,RhoBTB,1
ct,CG31038,0
CrebA,Egfr,0
nerfin-1,CG12206,1
sob,emp,1
cnc,Coprox,0
E2f,CG8861,0
nerfin-1,edl,0
jumu,CG14636,1
ac,CG32982,0
HGTX,CG8630,0
gsb,CG10440,1
GATAe,CG3699,1
gl,ss,0
BtbVII,CG6398,0
vvl,pgant5,0
ci,CG11255,0
sob,CG6904,1
br,BicD,1
sob,NK7.1,1
abd-A,CG7702,0
kay,CG8031,1
gt,CG12428,0
Dr,ru,1
GATAe,CG5828,1
BtbVII,CG14995,1
br,CG32278,0
ac,CG12288,1
Ubx,CG8920,0
crol,numb,1
crol,dlp,0
grh,dnc,0
ken,CG13188,1
HLH106,Sec61alpha,0
sob,Gld,1
Dp,bys,0
nerfin-1,Aats-leu,0
sob,CG12708,1
Rx,CG3408,0
GATAe,CG6461,1
jumu,Hsf,1
ase,CG10249,1
Hsf,CG7470,1
Hr46,tup,0
crol,CG32685,1
BtbVII,CG13315,0
lab,B-H1,1
crp,CG3800,0
GATAe,CG12374,0
Dp,CG1749,0
BtbVII,CycT,1
GATAe,CG10650,1
nerfin-1,Ace,1
Hr46,SP1029,1
nerfin-1,CG8552,0
nerfin-1,CG30116,1
grh,fs(1)h,1
Usf,CG31221,0
eyg,H2.0,0
Hsf,CG8740,0
repo,dan,1
Sox21b,Sox21b,1
srp,Ugt36Bc,1
CG10267,Doc3,0
srp,fat-spondin,1
E2f,Mbs,1
grh,D,1
br,Dg,1
tgo,CG2225,0
sob,Coprox,0
Sox21b,Myo31DF,0
abd-A,Jheh2,0
grh,Jheh1,0
Ubx,nub,1
br,CG14408,0
HGTX,btsz,0
Rel,Spn6,1
BtbVII,CG13126,1
Hsf,Osbp,1
ase,egl,1
Pph13,CG31781,0
sob,sls,0
GATAe,CG9449,1
twi,CG16959,0
BtbVII,pyd,1
E2f,tsl,0
crol,CG32982,1
gl,scrt,1
ase,CG32137,0
BtbVII,Btk29A,1
tup,CG12428,0
Optix,CG12926,1
Mad,brk,1
Ubx,H2.0,0
jumu,CG8112,0
vvl,CG2162,0
Hsf,Dif,1
ci,Galpha49B,0
sna,Rab23,1
kay,drm,0
NK7.1,NK7.1,1
BtbVII,CG7987,1
jumu,Src64B,0
drm,ple,0
nerfin-1,CG11961,1
CG12054,crp,1
Dr,gl,1
nerfin-1,Ets65A,1
nerfin-1,mmd,1
BtbVII,CG18135,0
lola,Lis-1,1
sna,CG30159,1
drm,CG1246,0
Hr39,smi35A,1
Rx,Eip63E,0
crp,CG8525,1
CTCF,kay,0
srp,Orc2,1
sob,ppl,0
srp,CG4619,0
crol,Dl,1
btd,Sox21b,1
tgo,crol,1
gl,sls,1
tup,Uba1,1
nerfin-1,amon,1
l(1)sc,ken,0
gt,CG2641,0
Hsf,wdn,0
Hr46,Tsp66E,1
toe,CG11317,1
AP-2,AP-2,1
eyg,ko,1
gl,egl,0
crp,CG7630,1
abd-A,l(2)09851,0
sob,Mhcl,0
lola,Dif,1
bowl,debcl,0
crp,CG11417,0
gl,Nrt,1
CrebA,Obp56a,0
Optix,trx,0
BtbVII,CG30159,0
tup,Eip63E,1
jumu,CG4169,1
jumu,CG1299,0
kay,CG4194,1
Hsf,CG17786,1
kay,SC35,1
jumu,CG32486,1
tgo,RhoGAP71E,1
Hsf,drpr,1
ac,sim,0
Hsf,hkb,0
grh,sog,1
sob,CG10625,1
lola,CG11727,1
ken,otp,0
Hr39,MESR3,1
BtbVII,opa,1
jumu,Ptpmeg,1
en,W,1
Hsf,CG30116,0
Hsf,slbo,1
E2f2,CG13003,0
ac,Gp150,1
nerfin-1,CG10958,0
kay,CG6689,1
jumu,Ets65A,0
repo,CG15658,1
Hsf,CG5023,1
gsb-n,sob,1
bowl,kst,1
gsb,drk,0
Xbp1,fng,0
HGTX,msk,0
crol,CG4050,0
opa,osp,0
D,Optix,1
ac,Lis-1,0
toe,fra,0
crol,smg,1
BtbVII,CG11837,1
CG12054,CG7510,1
GATAe,bun,0
kay,CG10479,0
crol,Sas10,0
BtbVII,RhoBTB,1
Xbp1,Surf4,1
ttk,Calx,1
ac,CG7082,1
grh,Dg,0
GATAe,apt,0
grh,stumps,0
grh,sna,0
grh,CG32685,1
Rx,Oatp58Dc,1
jumu,CG31559,0
kay,CG14207,1
ac,tkv,1
gt,stck,0
Hsf,fau,1
Usf,lmd,1
grh,Skeletor,1
en,nuf,0
BtbVII,CG42748,1
tgo,chif,1
l(1)sc,otp,1
Rel,Nos,0
Rx,CG9451,0
grh,CG31523,1
bowl,Thor,0
odd,CG8920,0
ac,NetA,0
D,apt,1
Rx,Oscillin,0
GATAe,CG13102,1
sob,opa,1
nerfin-1,Gad1,1
E2f,CG2656,1
crol,Uba1,0
tup,tup,1
Dr,nub,1
Xbp1,Sema-2a,0
Hr39,CG9663,0
kay,CG6404,1
Xbp1,ACXD,0
dm,Sec61beta,0
tup,RhoGAP71E,0
abd-A,CG30116,1
gt,RhoBTB,1
sob,debcl,0
HGTX,Gs2,1
Mnt,nudC,1
Rx,CG11961,0
grh,CG15236,0
nerfin-1,Oatp74D,0
toe,beat-IIIc,0
ERR,CG13676,1
CG12054,gt,0
br,fra,1
sob,CG11961,0
bowl,btsz,1
GATAe,CG33144,0
grh,Ets65A,1
sob,CG8483,1
ac,CG10602,1
Xbp1,CG8629,0
Rx,l(2)tid,0
gl,lbm,1
BtbVII,Xbp1,0
BtbVII,kkv,1
ken,Fkbp13,1
BtbVII,CG11771,0
BtbVII,fus,1
kay,CG1246,1
kay,gsb,0
Usf,btsz,0
kay,CG17321,0
Hsf,tok,1
BtbVII,Obp99c,0
tup,Sema-2a,0
br,CG2083,1
ase,CG32043,0
net,RhoGAP18B,0
Hsf,apt,0
Hr46,Hs6st,0
nerfin-1,pdm2,0
Hr46,BicD,1
CrebA,CG10107,0
kay,CG4702,1
cnc,CG3835,0
grh,lmd,0
crol,Sema-2a,1
HLH106,bnl,0
Hr46,CG8446,0
toe,Ssdp,0
Usf,tsl,1
ac,igl,0
sob,Pif1A,0
sob,Gs2,0
Rx,pros,1
ken,CG8031,1
nub,FucTA,0
odd,CG8112,0
disco,gsb-n,1
Hr46,Rpb5,0
kay,MAGE,1
D,Sox21b,1
Rx,CG31324,1
al,Oatp58Dc,0
bowl,vg,0
BtbVII,how,1
srp,Cyt-b5-r,1
vvl,eIF6,0
Hsf,CG12206,0
crol,Kr-h1,1
drm,wg,1
crol,sbb,1
Hsf,CG4115,1
srp,CG9990,0
vvl,insc,0
grh,Act5C,0
jumu,pxb,0
crol,mei-S332,0
Rel,CG13643,1
bowl,CG11455,0
tup,CG9300,0
GATAe,Corp,0
Hr46,Oscillin,0
Pph13,inaC,1
gsb,Galpha49B,0
srp,CG17337,1
sob,NetA,0
odd,betaInt-nu,0
tgo,Oat,0
abd-A,Oli,1
ac,CG7115,0
E2f,CG32556,1
kay,CG8129,1
GATAe,CG13321,1
CG18599,CG16857,0
srp,shd,0
Hr46,CG31619,0
kay,CG9279,1
Rx,Sip1,1
grh,Ptp4E,1
tup,Btk29A,0
ci,sls,0
kay,CG3371,0
cnc,CG4702,0
BtbVII,CG5873,0
gt,CG15828,0
Dr,jbug,0
crp,mRpL23,1
kay,Gp93,0
ken,bun,1
Hr39,Sox21b,0
jumu,Rx,0
Hsf,CG1815,0
Sry-beta,CG8850,1
tgo,Osbp,0
kay,mRpL19,1
D,CG32105,1
opa,pxb,1
l(1)sc,CG18135,0
Hsf,CG11337,1
grh,CG4476,1
ac,Hr96,0
jumu,CG3961,0
lab,TBPH,0
bowl,CG32137,1
GATAe,Corp,0
abd-A,gl,0
Hsf,CG31038,1
Rx,CG10479,1
sob,Mbs,0
abd-A,Obp99b,0
CG12054,ko,0
toe,5-HT7,1
BtbVII,RpL13A,0
jumu,CG4623,0
drm,CG6904,1
BtbVII,CG8486,1
Rx,CG8560,0
lab,CG18446,0
GATAe,sax,0
l(1)sc,Mhcl,0
pdm2,CG8740,0
odd,CG4497,0
gt,comm,0
drm,CG13676,1
tgo,pr-set7,1
kay,CG17834,1
drm,mew,1
srp,wus,0
Rx,Src64B,0
kay,CG11122,0
CrebA,CG11966,1
BtbVII,Dscam,1
gl,E(Pc),0
l(1)sc,Calx,0
Dp,bun,0
crol,CG32264,1
bowl,PhKgamma,0
drm,sog,1
BtbVII,bru-3,0
tup,olf413,0
Sox21b,ct,1
kay,CG9590,1
Hr46,ush,0
tup,rst,1
tgo,CG9795,0
MTF-1,slmb,0
sob,GalNAc-T1,1
nerfin-1,Calx,1
nerfin-1,CycE,0
srp,CG32105,0
jumu,CG12084,1
opa,Eip63E,0
GATAe,msk,0
ase,Sply,0
gl,drm,0
gsb,btd,1
Rel,lmd,1
BtbVII,BEAF-32,1
gl,CG9449,0
E2f,mask,1
br,Akt1,1
E2f,CG8486,1
gt,cup,0
gsb,Mbs,0
srp,CG6040,0
grh,bowl,1
grh,mRpL1,0
BtbVII,alpha-Est5,0
grh,Sema-5c,1
gt,CG5800,1
HLHm5,CG8668,0
tgo,Corp,0
GATAe,CG31036,0
Hsf,alphaTub67C,1
toe,beat-IIa,1
ttk,CG2641,0
kay,CG8446,0
D,CG11380,0
Rel,DNaseII,0
tgo,CG7630,0
nerfin-1,nub,0
srp,crq,1
crol,Trl,1
bowl,Dys,1
D,AP-2,1
Rx,Rapgap1,0
jumu,trx,1
ac,MICAL-like,1
abd-A,Rx,1
sob,CG5059,0
repo,slp2,1
BtbVII,gsb-n,0
odd,drm,1
drm,CG11905,1
br,NFAT,1
grh,CG30116,1
grh,CG11910,1
grh,smi35A,1
cnc,eyg,0
srp,tup,1
abd-A,betaTub56D,0
kay,ppa,0
Ubx,CG6937,0
gt,Ets65A,0
tgo,CG11122,1
Rel,bun,1
gl,pdm2,1
gt,porin,1
ac,CG10440,1
nerfin-1,gsb-n,0
srp,CG15695,1
ac,neuroligin,0
fkh,Thor,1
GATAe,Cyp6t1,1
toe,Rx,1
drm,kel,0
BtbVII,CG3800,1
ac,eIF6,1
Usf,CG9084,0
crol,Ssdp,1
btd,CG14408,0
Hsf,ImpL1,1
grh,ko,1
Hr46,Sec61alpha,1
crol,rg,1
kay,PyK,1
kay,CG12708,0
srp,CG8112,1
en,CG10050,0
srp,CG9449,0
D,CG31675,0
drm,CG11255,0
Sox21b,CG5522,0
jumu,CG14968,0
drm,CG12206,0
abd-A,Wnt4,1
toe,ko,1
pdm2,dan,1
jumu,cenG1A,1
Hsf,MAGE,1
grh,CG14591,0
tup,CG8920,0
lola,vig,0
Hsf,CG6345,1
sob,ImpL1,0
nerfin-1,rst,1
crol,CG1910,1
srp,Dat,0
jumu,mRpL14,1
Rel,CG32626,1
opa,gsb-n,1
kay,ap,0
grh,crq,0
abd-A,zfh2,0
E2f,beat-IIIc,0
ac,Mes2,0
lab,wgn,0
Hsf,pyd3,1
ERR,CG31337,0
grh,CG5840,0
sob,fng,1
repo,repo,1
l(1)sc,jbug,1
ac,RhoBTB,0
Hsf,bru-3,0
lola,Cad74A,0
crol,CG1354,0
bowl,vig,0
sob,olf413,1
sna,alpha-Est4,0
grh,kel,1
CTCF,CG32626,0
l(1)sc,Rab23,1
drm,rg,0
bowl,otp,1
kay,Rlb1,1
GATAe,CG3714,1
srp,Gclc,1
kay,Fer1,0
E2f,RhoGAP19D,1
jumu,CG13003,0
Mef2,larp,1
grh,CG4839,0
jumu,Sdc,1
Dr,Mhcl,0
jumu,CG33144,1
brk,W,0
ase,CG11727,0
sob,capu,0
HLH106,CG8026,1
ase,Dgk,0
l(1)sc,gcm,1
BtbVII,CG9300,0
nerfin-1,tipE,1
nerfin-1,CG6398,1
nerfin-1,scrt,1
GATAe,p130CAS,0
E2f,S,1
vvl,CG12009,1
br,olf413,1
kay,CG3838,1
odd,scra,1
Hr39,crol,0
ase,loco,0
kay,net,1
E2f,CG13003,0
gt,toc,1
grh,Osbp,0
Rel,mRpL52,0
grh,CR32218,1
bowl,chif,0
Hr46,tara,0
br,m1,0
Hr46,Sec61beta,1
Xbp1,Mmp1,1
D,gsb,1
AP-2,HLHmbeta,0
lola,CG3703,1
toe,CG12011,0
Rel,Rab23,0
Dp,CycA,1
grh,osp,1
Hr46,ACXD,0
Hsf,vig,1
grh,CG10249,1
crol,Dys,1
Rx,CG31235,1
odd,Oatp58Dc,0
nerfin-1,CG7702,0
grh,pyd,1
E2f,sbb,1
GATAe,CG8740,0
vvl,CG8547,0
kay,Spn6,1
Hr46,CG32486,0
ac,Oatp74D,1
bowl,CG15097,0
Lim3,Antp,0
srp,Su(var)2-10,0
BtbVII,Cyp9f2,0
kay,CG9717,0
vvl,CG4267,1
Hsf,Hsf,1
jumu,CG4882,1
grh,Thor,1
nerfin-1,abd-A,0
sob,MESR3,1
GATAe,CG32264,0
tup,opa,1
srp,ed,0
disco,Sirt2,0
twi,Pvf3,1
CrebA,knrl,0
sob,Rab2,1
Ubx,trh,1
pdm2,eya,1
Hsf,jp,1
D,CG7724,1
kay,sbb,1
Sry-beta,CG3829,1
HLH106,CG4080,1
grh,Uba1,0
Hsf,CG42748,0
nerfin-1,retn,1
Rel,CG13928,0
BtbVII,sktl,1
gl,CG9503,0
Xbp1,kkv,0
br,kst,1
BtbVII,l(1)G0196,1
GATAe,CG7017,1
Usf,bowl,0
GATAe,jbug,0
al,CG31121,1
Dp,CG9335,0
toe,otp,1
grh,Glu-RI,1
lola,cenG1A,1
tgo,CG15544,0
BtbVII,CG8629,0
Hsf,nuf,1
pdm2,Pif1A,0
BtbVII,ush,0
tgo,sbb,1
tup,tok,1
Hr46,Fkbp13,1
Rx,W,0
toe,CG32809,0
Dr,rst,1
BtbVII,scf,0
kay,Ect4,1
lola,drongo,0
Usf,CG12926,0
tgo,Ast-C,0
ase,CG10440,0
gt,CG12011,1
nub,CG7298,0
sob,Tsp,1
Ubx,sob,0
gt,Obp56a,0
kay,l(2)tid,1
Hsf,nAcRalpha-96Ab,0
crol,endoA,1
Hr39,CG12428,0
crol,knrl,0
E2f,Zn72D,1
ken,CG17786,1
BtbVII,CG10565,0
nerfin-1,Uba1,0
kay,Noa36,1
srp,CG11771,0
lola,CG32687,0
HGTX,faf,0
tgo,Hs6st,1
BtbVII,CG2065,0
GATAe,CG3884,1
sob,CG6329,1
srp,CG9119,1
drm,tok,1
gl,CG3961,1
Hr46,Pgk,0
Hr46,mask,0
GATAe,sbb,0
toe,CG6981,0
GATAe,E2f,0
lola,CG14408,1
E2f,inx3,0
ken,CG7567,0
nerfin-1,CG31523,0
Sox21b,CG4984,0
odd,NaPi-T,1
GATAe,CG17572,0
tgo,Dif,0
crp,cpb,0
kay,CG2765,1
Rel,CG9630,0
Dr,cenG1A,0
CG12054,CG13188,0
CG12054,CG4022,1
tgo,Hsf,0
jumu,Pten,1
odd,CG31607,1
Hr46,CG10936,1
drm,gsb,1
ase,amon,0
grh,CG10936,1
l(1)sc,fus,1
crol,egl,1
srp,nAcRbeta-21C,1
kay,Hsf,1
nerfin-1,Ptp4E,0
CG10267,CG4619,1
tup,Pvf3,1
drm,Hr39,0
nerfin-1,pros,1
twi,Myo31DF,0
GATAe,CG11453,1
ttk,Oatp58Dc,1
Sry-beta,eya,1
BtbVII,Skeletor,0
grh,hrg,1
crp,ATPsyn-gamma,1
srp,CG4169,0
bowl,cup,0
BtbVII,fj,0
sob,CG10467,0
en,Argk,1
pdm2,Proct,0
CrebA,ImpE1,1
vvl,Oatp58Dc,0
sob,CG7993,0
srp,Tsp42Eg,0
CG12054,CG32043,1
Sox21b,pip,1
cnc,rhea,1
bowl,endoA,0
Rx,CG2225,0
grh,CG31121,1
srp,dsx,0
jumu,CG5840,0
kay,CG13003,1
lola,CG11980,1
ci,CG1246,0
Hsf,st,0
Hr46,CR32218,0
kay,Fkbp13,0
drm,CG1598,0
Usf,Lis-1,0
repo,gsb-n,1
bowl,m2,1
Hr46,qua,0
CG12054,brat,1
Hsf,CG12869,1
tgo,bib,1
CG10267,CG3267,1
BtbVII,Obp99b,0
Mef2,CG5645,0
ac,CG6388,1
GATAe,ppa,0
grh,slbo,0
Usf,exex,0
gt,Hsp83,0
bowl,CG12424,1
Hsf,dsx,0
BtbVII,Tsp42Ee,1
l(1)sc,CG14509,1
ERR,olf413,1
Rx,Hs6st,1
Rx,Oatp33Eb,0
AP-2,CG10107,0
gl,Obp99b,0
kay,CG9717,0
grh,CG31675,0
gl,Tsp42El,1
Ubx,DppIII,0
opa,apt,0
crol,HGTX,0
vvl,slbo,0
br,CG10440,0
srp,CG7227,1
fkh,AP-2,0
jumu,mRpL52,0
GATAe,ko,0
Hsf,Mkp3,1
BtbVII,sbb,1
tgo,rst,0
sob,Mnt,0
bowl,GlyP,0
Hsf,CG10924,1
Hsf,Cyp4g15,0
kay,NetB,0
kay,nvy,0
D,CG15828,0
lab,CG31607,0
ac,CG31781,0
Mio,shg,0
kay,Orc5,1
jumu,CG3420,1
HGTX,nompA,1
Hsf,CG4839,1
tup,zfh1,1
BtbVII,CG8026,0
crp,p130CAS,1
Hr46,Tsp2A,0
sna,eyg,1
twi,RhoGAP71E,0
GATAe,CG4839,1
vvl,MESR4,0
CG10267,CG10267,1
srp,CG6321,1
ac,CG8066,0
nerfin-1,NUCB1,0
ken,Argk,0
Pph13,Ipp,1
bowl,ferrochelatase,0
Rx,Cyp4g15,1
kay,CG10175,0
bowl,Best2,1
Hr46,CG9416,1
Rx,CG2865,0
ara,CG4660,0
gl,sktl,0
sna,dco,0
ken,larp,0
CG10267,CG4497,1
ase,Egfr,1
grh,CG17896,0
ttk,mei-S332,1
jumu,Cyp12c1,0
tup,Bx,1
E2f,mub,1
twi,Ubx,1
srp,lola,0
NFAT,CG11455,1
BtbVII,Gp93,1
tup,tsh,0
SoxN,Men,0
kay,CG8066,1
jumu,sls,0
BtbVII,RhoGAP19D,1
grh,nahoda,1
CG12054,CG10512,0
Rel,Moe,0
jumu,CG30115,1
twi,CycE,0
BtbVII,Doc2,0
Usf,Trl,0
sob,sktl,1
nerfin-1,CG6726,0
Hr46,Hsc70Cb,1
BtbVII,CG31534,1
D,MESR4,0
Hr46,RpS25,0
br,cora,1
Mef2,E2f,1
HGTX,sd,0
Rel,mew,0
Hsf,aret,0
drm,fng,1
bowl,CG4221,1
grh,grh,1
Hsf,Vha55,0
Dp,br,1
toe,crol,0
grh,fat-spondin,0
Adf1,pdm2,0
bowl,Pgk,0
GATAe,CG11317,0
tgo,Btk29A,1
Hr39,how,1
br,Btk29A,1
ci,sob,1
Rx,CG6847,0
l(1)sc,CG32204,0
ac,cpb,1
kay,Bgb,1
Xbp1,inx2,0
kay,neuroligin,0
grh,CG8036,1
gl,qua,1
tup,CG9990,0
sna,CG8965,0
jumu,B-H1,0
bowl,G-ialpha65A,1
CG12054,Obp99c,0
BtbVII,ced-6,1
disco,slp2,1
bowl,Rbf2,0
ac,knrl,1
ci,CG7841,0
sob,CG5033,1
grh,CG32982,1
kay,scf,0
ac,Dgk,1
sna,CG7082,1
kay,slbo,1
disco,emp,0
BtbVII,CG10082,1
gl,CG2254,0
abd-A,Ect4,0
Rx,Fas3,1
gl,lid,0
l(1)sc,CG10249,1
Ubx,Oatp58Dc,1
srp,ss,0
opa,ct,1
CG12054,sd,1
bowl,pyd,1
nerfin-1,l(1)G0196,0
ac,corn,1
GATAe,m1,1
bowl,stumps,0
Dp,W,1
sob,l(1)G0196,0
BtbVII,bowl,1
ken,CG30115,1
lola,CG15347,0
lola,Rab3,1
grh,ase,1
GATAe,CG13315,1
grh,jbug,1
Ubx,CG2083,0
Hsf,CG9590,1
Rel,ple,1
drm,gsb-n,1
nerfin-1,how,0
Hsf,CG11188,1
kay,CG4213,1
Hsf,CG12424,0
sob,Lis-1,1
Hsf,CG13333,1
tgo,pyd,1
al,Cam,0
lola,CG7993,0
drm,CG3967,0
ac,crol,0
Xbp1,CG17271,1
Mef2,Ect4,1
tup,CG32982,0
gsb,drm,1
Ubx,CG13636,1
vvl,meso18E,1
vvl,CG13102,0
crol,cora,1
br,CG5819,0
crol,lid,1
CG12054,ImpE1,0
sob,how,1
tup,tsl,1
sob,CG13676,1
Hr46,sob,0
jumu,CG14109,1
BtbVII,CG9084,0
grh,Gp150,1
kay,CG9194,1
lab,tup,0
tgo,CG4984,0
nerfin-1,CG11370,0
grh,CG5210,1
Hr46,CG11966,1
sna,l(2)05510,0
CG12054,ko,0
GATAe,bnl,0
Rx,CG4629,1
grh,Oatp58Dc,1
CG10267,fs(1)h,0
Dp,Dip-C,0
nerfin-1,G-oalpha47A,1
Hsf,ple,1
crp,Nmdmc,0
odd,trn,1
GATAe,Gs2,1
ttk,D,1
tgo,apt,0
Trl,ush,1
toe,ss,1
Hsf,CG9993,0
kay,CG13248,0
Optix,sm,0
Dr,nord,1
tup,p130CAS,0
ci,sced,0
BtbVII,SoxN,0
Xbp1,CG2016,1
vvl,CG2663,1
jumu,CG11455,1
GATAe,heph,0
vvl,Obp56a,1
ase,CG1273,0
Lim3,Appl,1
Hr46,CG7188,0
grh,cdc2,0
ac,RpI135,1
sob,Ipp,0
BtbVII,CG1621,0
E2f,cora,1
repo,Src64B,1
tup,CG3408,1
Sox21b,bru-3,0
D,Dl,0
l(1)sc,CG5033,0
Dp,Cad74A,0
disco,beat-IIIc,0
grh,CG14591,0
drm,ome,0
Rel,CG6404,1
Sox21b,Sec61alpha,0
ase,milt,0
crp,NK7.1,0
drm,arg,1
kay,Pten,1
Rx,bru-3,1
tup,CG10440,1
ac,ase,0
ac,Ptp61F,0
E2f,CG17271,0
grh,CG13004,0
Mef2,GATAe,0
jumu,ap,0
E2f2,knrl,0
gl,CG3829,0
GATAe,CG13806,1
srp,CG4306,1
vvl,scra,0
Hr39,CG12214,1
vvl,CG30497,0
Dr,ome,0
br,Dys,1
Sry-beta,CG12075,0
bowl,l(2)efl,0
ac,CG8064,1
jumu,CG4497,0
Xbp1,asp,1
BtbVII,gl,0
odd,CG12702,0
kay,CG1299,1
Rel,Zn72D,0
jumu,Oatp33Eb,0
jumu,CG17110,0
gsb,Ance,1
fkh,CG31781,1
GATAe,nuf,0
GATAe,Cyp6a13,1
jumu,CG32043,1
ken,CG10467,0
BtbVII,olf413,1
tgo,ppa,1
Hsf,Pif1A,1
GATAe,yin,1
srp,v,1
grh,HGTX,1
crol,CG32556,1
disco,CG8596,0
crol,CG7510,0
Hsf,sax,1
grh,Oatp33Eb,0
jumu,CG7777,0
ac,CG17838,0
tgo,CG7714,0
gl,CG17572,1
disco,wg,1
jumu,Eip63E,1
nerfin-1,CG17321,1
BtbVII,Calx,0
Hr39,Myd88,0
jumu,CG31871,0
srp,heph,0
ase,CG15044,0
kay,mys,1
srp,CG5210,1
Pph13,ferrochelatase,0
gsb,CG8713,0
al,ac,1
kay,Ote,1
crp,ss,0
srp,CG6870,1
kay,CG10958,1
kay,CG1146,1
Dr,Dr,1
srp,CG31121,0
Hsf,alpha-Est1,1
grh,CG9630,0
GATAe,CG4781,1
Dr,phyl,1
nerfin-1,mspo,1
BtbVII,CG32066,0
vvl,brk,0
en,trh,0
sob,Ssdp,0
GATAe,CG9451,1
Hsf,CG2083,0
GATAe,ImpL2,0
grh,CG8031,0
Hsf,CG9514,0
nerfin-1,Lip1,0
grh,CG32105,1
nerfin-1,CG11200,0
CG12054,for,0
ac,ss,1
Usf,CG8321,0
nerfin-1,ase,0
Sox21b,CG13636,0
odd,CG6455,1
ac,CG7630,0
tup,CG9279,0
Hr46,CG4752,1
grh,CG32626,0
Hr39,CG32344,0
grh,cenB1A,1
kay,HBS1,1
toe,Orc5,0
gl,CG6345,0
crp,Rx,0
crp,Tpi,1
jumu,CG9643,1
lola,lola,1
Xbp1,zetaCOP,1
tgo,CG17508,0
BtbVII,l(3)82Fd,1
GATAe,LamC,1
Rx,CG5033,0
al,knk,0
Pph13,CG12708,0
tgo,CG13362,0
repo,Lis-1,0
crp,knk,0
GATAe,CG17664,1
l(1)sc,CG33056,0
ase,jbug,1
D,CG8486,0
kay,CG14960,1
Sry-beta,Mmp1,1
jumu,PR2,1
jumu,CG6847,0
sob,Skeletor,1
gl,phyl,1
gl,ru,1
fkh,Gp150,0
en,CG2865,1
crp,Fdh,1
tin,tin,1
nerfin-1,CG10936,0
tgo,shg,1
HGTX,CG6040,0
odd,CG5033,1
br,CrebA,1
bowl,CG10249,1
Rx,CG17834,0
nerfin-1,bru-3,1
bowl,lmd,0
sob,Cyp304a1,0
HLH106,CG6345,1
jumu,CG6495,0
sob,CG5541,0
tup,knrl,1
crol,ttk,1
ase,Tsp,0
Hsf,Mp20,1
Rx,abd-A,1
jumu,slim,1
bowl,Fas3,1
bowl,CG9253,0
gt,RpI135,1
CG3065,CG10479,1
crol,RhoGAP19D,1
l(1)sc,CG12723,0
opa,tou,0
nerfin-1,Lmpt,0
lab,MAGE,0
lola,st,0
Optix,CG7458,0
BtbVII,mask,1
Pph13,Vha44,0
E2f,Gs2,0
E2f,jing,1
ac,CG11555,1
BtbVII,Egfr,0
nerfin-1,aret,1
grh,Fer1,1
sob,CG4839,0
D,CG4297,0
srp,alpha-Est1,1
ERR,Rel,0
Hsf,CG13362,1
crol,Oat,1
tgo,ena,1
pdm2,CG11961,0
br,CG32276,0
GATAe,fus,0
crol,Vha44,0
l(1)sc,PhKgamma,0
crol,crol,1
srp,CG4089,0
tgo,CG2083,1
l(1)sc,NFAT,0
BtbVII,CG7567,0
twi,TepIV,0
grh,crol,1
bowl,l(1)G0007,0
tup,CG17572,1
toe,Fkbp13,0
sob,CG1698,0
Hsf,FucTA,0
HLH106,GlyP,1
Rx,CG13124,0
BtbVII,CG9186,0
Hsf,CG11771,1
srp,AP-2,1
l(1)sc,Cha,1
jumu,CG15743,1
tup,Glu-RI,0
GATAe,CG7381,1
gt,Hph,1
Rel,CG13183,1
CrebA,NK7.1,0
br,apt,0
GATAe,CG13893,1
grh,mthl5,0
abd-A,Rab23,1
HLHm5,gem,1
BtbVII,CG30497,1
lola,CG32105,0
grh,CG7702,1
odd,net,1
tgo,Ptp61F,1
ac,Cyp4g15,0
br,lid,1
gt,Akap200,0
Hr46,CG5873,1
grh,Dscam,0
jumu,CG2765,1
srp,GlcAT-P,1
Ubx,Sema-2a,0
gl,Ubx,1
tgo,D,0
srp,ap,0
ERR,RhoGAP18B,0
sob,Pvf3,0
odd,Btk29A,0
pdm2,MESR3,0
BtbVII,jing,1
gt,MAGE,1
lola,alphaTub67C,0
E2f,olf413,1
gl,Rapgap1,1
Sox21b,CG3838,0
ac,Idh,1
srp,Nplp2,1
BtbVII,CG1749,0
sob,slmb,0
kay,Hexo2,0
nerfin-1,CG11163,0
crp,CycE,1
Hsf,Prat2,1
GATAe,Cyp6d5,1
gl,crol,0
crp,mei-P26,0
GATAe,slim,0
repo,CG14598,1
Hr46,CG11905,1
Hr39,l(2)05510,0
odd,CG13183,0
kay,PEK,1
D,CG9643,0
Dp,l(1)G0289,1
drm,Tsp,1
srp,cpb,0
ase,CG9279,0
grh,CG13305,1
E2f,Oatp74D,0
GATAe,Fer2LCH,1
E2f2,E(Pc),1
Hsf,CG11380,0
Dp,flfl,1
twi,Gli,0
gl,comm,1
tup,Vha44,0
gl,CG15382,0
GATAe,betaInt-nu,1
Hr46,Cyp4g15,0
E2f,Akap200,1
CG10267,CG30116,0
grh,Oat,1
Ubx,Calx,1
E2f,Ptx1,0
grh,kst,1
Hr46,scf,0
tgo,CG3792,1
odd,Rox8,0
kay,Wnt4,0
BtbVII,CG13220,1
gl,Bx,1
Rel,CG3764,0
srp,Cyp12c1,1
Hr46,Fer2LCH,0
Hr46,CG12950,0
nerfin-1,jbug,1
GATAe,CG12723,0
ac,CG18273,1
ac,nvy,1
kay,Hsc70-5,1
Rx,decay,0
ac,CG4194,0
tgo,tup,0
Hr46,how,1
ase,Sox21b,0
Mio,Hmgs,1
lab,CG7188,0
gl,toc,1
GATAe,ed,0
sob,CG31619,1
toe,eya,1
l(1)sc,Ptp61F,0
Dp,NK7.1,0
eyg,kst,1
BtbVII,Timp,1
odd,milt,0
drm,sob,1
E2f,CG14521,0
vvl,Ubx,1
sob,pros,0
en,GlcAT-P,0
tgo,pgant5,1
kay,cdc2c,1
Hr46,Ptp4E,0
al,vig,0
Ubx,CG13699,0
HLH106,aret,0
gt,CG17834,1
Mef2,CG33275,1
tup,beat-IIIc,1
GATAe,inx3,0
crp,cenG1A,1
gt,Gli,0
Xbp1,deltaCOP,1
Dr,vg,1
kay,l(2)05510,0
Rx,H2.0,0
jumu,v,0
odd,Fdh,0
crol,CG8740,1
jumu,CG8031,1
grh,CG7816,0
GATAe,BEAF-32,0
Hr46,Side,0
drm,Antp,0
grh,pan,0
repo,dac,1
crp,CG15118,0
lola,CG4080,1
GATAe,Fas3,0
Rx,Dgk,0
nerfin-1,tara,0
grh,CG8312,1
Dp,Fas3,0
crp,CG8888,0
grh,Sox21b,0
drm,CG11417,0
Rel,nahoda,0
srp,CG4497,0
Mef2,ps,1
grh,Lkr,1
GATAe,kay,0
BtbVII,tou,1
HLH106,beat-IIIc,1
crp,CG8031,0
jumu,Shal,0
pdm2,CG17321,0
kay,Mmp1,1
BtbVII,pxb,0
Hsf,CG2865,1
srp,CG8740,0
vvl,CG3838,0
ken,MAGE,0
net,Uba1,1
jumu,tsh,0
Dp,RhoL,0
toe,fus,1
drm,drm,1
grh,dsx,1
jumu,p130CAS,1
srp,Surf4,0
sob,bowl,1
grh,CG8888,1
tup,gsb-n,1
jumu,net,0
grh,CG18507,0
GATAe,CG6933,1
kay,CG4080,0
srp,Glt,1
tup,bowl,0
D,Mtl,1
Hsf,RhoGAP18B,1
kay,osp,1
jumu,CG13183,0
gl,CG11980,0
sob,Optix,1
vvl,CG8446,0
CG12054,CG2225,1
BtbVII,Akt1,1
Rx,phyl,0
kay,TppII,1
crp,Sema-5c,0
cnc,Ect4,1
BtbVII,Dap160,1
gt,Rx,0
srp,CG13631,1
l(1)sc,CG11455,0
GATAe,Bj1,1
Hsf,gukh,1
grh,Tsp2A,0
al,igl,0
odd,CG17110,1
toe,CG30116,1
Xbp1,CG5888,0
odd,gsb-n,1
E2f,btd,0
Hsf,E(Pc),0
jumu,jumu,1
gl,Orc2,0
tup,dve,1
BtbVII,jbug,1
lola,fng,1
bowl,mew,1
cnc,tkv,0
odd,MESR3,1
disco,gsb,1
ase,beat-IIa,1
crol,Gclc,0
Hsf,CG8026,1
bowl,CG17323,0
kay,CG30116,0
drm,CG13252,1
Hr46,fra,1
gl,CG5756,1
odd,Trl,0
Hr46,CG4914,1
BtbVII,drk,1
Rel,drl,0
l(1)sc,CG32137,0
E2f,CG32369,1
br,vvl,0
crol,Gasp,0
pdm2,5-HT7,0
crp,apt,0
grh,Gad1,0
BtbVII,Mgat2,1
lola,Vha68-2,1
Hsf,sls,0
BtbVII,CG12702,1
ase,E(Pc),0
br,Hr39,1
GATAe,disco,0
crol,CG3376,0
grh,CG9372,0
BtbVII,htl,0
l(1)sc,CG6040,1
nerfin-1,toe,0
Rel,igl,0
Hsf,CG15382,1
grh,CG4612,0
nub,W,0
crol,CG5080,0
Usf,CG18135,1
nerfin-1,CG6495,1
odd,Ote,1
sob,lab,1
abd-A,Toll-6,1
crol,comm,0
grh,Dys,1
odd,ken,0
Dp,hrg,1
pdm2,pdm2,1
nerfin-1,edl,0
grh,pxb,0
H2.0,shg,0
kay,ref(2)P,1
bowl,toe,1
BtbVII,Hr96,1
ac,CG32409,1
grh,CG6040,1
MTF-1,CG4769,1
GATAe,CG4169,0
grh,CG13124,1
br,inx7,0
srp,CG31313,1
grh,Ect3,0
bowl,Rox8,1
CG12054,CG11727,1
ac,CG11980,1
Dp,CG4386,0
ci,tkv,1
l(1)sc,dnc,1
srp,CG10026,1
drm,Doc1,1
tup,lmd,0
odd,CG1371,1
l(1)sc,egl,1
ac,net,1
BtbVII,CG32043,1
Mad,W,1
lola,CG17032,1
CrebA,knrl,0
Optix,Src64B,1
Rel,TppII,0
nerfin-1,CG1815,0
sob,CG4660,0
jumu,capu,0
jumu,bowl,0
kay,CG10565,0
kay,Dif,1
BtbVII,Picot,0
grh,CG15743,0
Hsf,CG3829,1
Rel,CG13321,0
Hr46,ImpE1,1
pdm2,nub,1
ac,Pdi,1
cnc,Hexo2,0
fkh,l(2)k16918,0
lola,Hph,1
ase,Gli,0
grh,rols,1
tup,Trim9,1
grh,CG9990,1
GATAe,CycE,0
BtbVII,betaTub56D,1
srp,PyK,0
Hr46,CG6847,1
jumu,nudC,1
l(1)sc,for,1
GATAe,CG17572,0
kay,CG4030,1
Rx,jumu,0
sob,CG8740,1
Hsf,ap,0
vvl,CG31145,1
AP-2,tup,1
grh,CG6726,0
GATAe,pgant5,0
jumu,PhKgamma,1
HLHm5,CG9300,0
BtbVII,for,0
Hsf,CG12723,1
BtbVII,osp,1
BtbVII,ena,1
abd-A,jbug,0
gt,decay,0
sob,RhoGAP92B,0
sob,l(1)G0193,1
GATAe,CG31259,1
HGTX,BicD,0
Dr,beat-IIIc,1
bowl,CG13004,0
ac,CG32344,1
Hsf,CG9411,0
pdm2,p53,0
srp,CG30497,0
HGTX,pgant5,0
drm,CG8446,0
E2f,smg,1
crol,btsz,1
BtbVII,CG10249,0
CrebA,RhoGAP1A,0
drm,Nak,0
jumu,vav,1
BtbVII,Sox21b,0
CrebA,pgant5,1
ken,CG8398,1
odd,arg,1
Hr39,Eip75B,1
CG12054,for,0
kay,m2,1
ERR,dsx,1
Hsf,Ddc,1
al,sob,1
tgo,BM-40-SPARC,0
gl,CG8965,1
kay,CG12082,1
Dp,ced-6,0
Sry-beta,CG13004,1
nerfin-1,Fdh,0
twi,CG4502,0
srp,faf,0
ken,CG11966,0
Su(H),Su(H),1
tgo,beat-IIa,0
jumu,CG8229,1
gl,inx7,0
Hr39,CG6024,0
Hsf,TepIV,0
grh,numb,1
grh,mas,1
ct,tsl,1
Hr46,PhKgamma,0
CG12054,Thd1,1
Hsf,CG4781,1
GATAe,CG7714,1
tgo,flfl,1
BtbVII,lmd,0
l(1)sc,mask,0
gt,CG12869,1
bowl,Sulf1,1
grh,tap,1
tup,CG11727,0
HLH106,CG12723,0
Hsf,Corp,1
tup,fng,1
Hsf,CG30497,1
sob,tipE,1
bowl,CG32982,1
jumu,Nmdmc,1
GATAe,CG2083,0
tgo,lmd,0
nerfin-1,CG31121,1
BtbVII,B-H1,0
Rx,Mes2,1
Rx,Lmpt,0
HGTX,CG31324,1
gl,CG31038,1
ac,Sas10,1
Hr39,ru,0
D,igl,1
l(1)sc,Gld,0
kay,CG3008,1
Rx,Dap160,0
E2f,drk,0
grh,Shal,0
lab,Fas3,0
D,sbb,0
BtbVII,Vha26,0
Xbp1,ced-6,0
GATAe,CG17508,0
drm,dlp,1
crp,CG1140,1
Hsf,gsb,0
AP-2,gsb-n,1
Rx,REG,0
BtbVII,fs(1)h,1
Optix,CG9134,0
grh,Nak,0
jumu,pan,1
nerfin-1,CG8560,0
l(1)sc,Ets65A,1
BtbVII,CG4538,1
br,Sox21b,0
E2f,chif,1
jumu,CG32278,0
odd,beat-IIa,0
Hr46,CG10107,0
nerfin-1,CG18522,0
net,SoxN,0
Ubx,Osbp,0
kay,CG12723,1
kay,CG5080,0
br,CG15743,0
gt,Cyt-c-p,1
E2f2,sog,0
ERR,CG7381,0
bowl,CG5080,0
sob,mew,1
Rx,Pvf3,1
ac,TBPH,0
ac,E2f,0
bowl,nuf,1
gt,NUCB1,0
tgo,CG13126,0
tup,NFAT,0
ase,CG5828,0
tup,CG7227,0
jumu,stumps,0
gsb,CG31324,0
Rel,sinu,0
lola,aret,1
crol,CG31523,0
ttk,Dg,0
kay,CG3967,1
GATAe,CG5541,1
crp,Optix,0
l(1)sc,Nos,1
nerfin-1,fng,1
E2f,trx,1
srp,CG2765,0
Dp,smi35A,0
tgo,Msr-110,0
repo,pxb,1
grh,sgl,1
crol,Akt1,1
vvl,CG4386,1
abd-A,Lkr,1
kay,shd,0
sob,tkv,1
GATAe,decay,1
Rx,Picot,1
nerfin-1,CG17124,1
sob,CG1354,1
nerfin-1,inx3,1
l(1)sc,CG6745,0
D,sna,1
ac,Cyp304a1,0
GATAe,tin,0
crp,CG3731,1
abd-A,CG14521,1
kay,CG5514,0
GATAe,CG17265,0
gt,nAcRalpha-96Ab,0
Hr46,Osbp,1
tgo,AP-2,0
vvl,CG11370,1
sob,Ote,1
Xbp1,CG32276,1
Rel,CG14960,1
CG12054,Vha44,1
gl,Antp,1
gt,CG9391,0
drm,CG3829,0
sob,CG31676,0
GATAe,Sdc,0
Mef2,Pld,1
srp,l(2)k05819,0
br,CG17110,0
Hsf,MESR3,0
cnc,sob,0
BtbVII,Cyp1,1
bowl,ebi,0
grh,CG7720,0
kay,Sirt2,1
nerfin-1,brat,1
ttk,CG9993,1
E2f,CG8112,0
ase,Sox21b,0
lola,Rapgap1,1
E2f,MESR4,1
gsb,CG3884,0
ac,osp,0
gsb,Optix,1
ac,dan,0
grh,drongo,1
repo,Sox21b,1
srp,CG1371,1
ERR,Gp150,1
jumu,DppIII,1
D,CG9990,1
Xbp1,CG17834,0
bowl,CG14598,0
Hsf,Akt1,0
Rx,Ets65A,1
BtbVII,emp,0
ase,wgn,0
gsb,Tsp,0
sob,Vha68-1,1
ERR,CG13624,0
CrebA,KdelR,1
Hr46,ImpE2,1
HLHm5,CG1572,0
Sox21b,AP-2,1
ac,aret,1
CG12054,debcl,0
l(1)sc,stan,0
E2f,mfas,0
odd,CG13252,1
ase,debcl,1
BtbVII,CG8974,1
CrebA,egl,0
jumu,CG9590,1
BtbVII,Rga,1
BtbVII,corn,1
Hsf,Tig,1
gt,pros,0
br,dp,1
CG12054,Dg,1
BtbVII,brat,1
jumu,CG10602,1
kay,CG18473,1
NK7.1,CG1910,0
gt,CG9590,0
Pph13,sm,0
ci,CG8920,0
grh,scra,0
srp,CG7458,1
ara,slp1,1
BtbVII,CrebA,0
kay,HLHm5,1
kay,pros,0
nerfin-1,odd,0
Trl,shg,0
gl,Pph13,1
sob,CG31121,1
grh,CG7048,1
grh,CG5840,0
lola,jumu,1
bowl,ko,1
GATAe,Osbp,0
vvl,twi,1
nerfin-1,ara,1
nub,CG7702,0
nerfin-1,Lim3,1
odd,otp,0
sna,CG13676,1
sob,CG13806,0
pdm2,B-H1,1
BtbVII,CG7993,0
crol,l(3)82Fd,1
Xbp1,tok,0
GATAe,Rab23,0
crp,mRpL52,1
kay,CG14830,1
tgo,Deaf1,1
srp,CG11727,0
gsb-n,Hexo2,0
nerfin-1,CG2083,0
nerfin-1,E2f,0
Hsf,drl,1
BtbVII,lbm,0
grh,CG4091,1
jumu,CG1542,0
crol,m1,0
srp,CG6910,1
BtbVII,endoA,1
br,CG15382,0
gsb,CG2083,0
E2f,CG8965,0
gt,CG8630,0
grh,ed,1
crol,Mip,0
crp,CG15544,0
kay,RhoL,1
br,m1,0
GATAe,CG1648,0
lola,Idh,1
BtbVII,Obp99c,0
ac,CG8468,0
odd,Sirt2,1
Hsf,jbug,0
GATAe,CG7992,1
repo,Noa36,0
cnc,Tsp,0
BtbVII,smg,1
grh,Sulf1,1
gsb,ImpL2,1
GATAe,Keap1,1
net,net,1
bowl,th,0
gl,comm2,1
odd,CG30283,0
Hsf,CG14521,0
ac,Rox8,0
GATAe,AP-2,0
Xbp1,ena,0
Rel,qua,0
Hr39,CG31122,0
E2f,CG7470,0
gl,CG31291,1
Ubx,wgn,0
E2f,pdm2,0
BtbVII,Lkr,0
tup,Sox21b,1
fkh,CG11980,0
crol,CG15043,0
l(1)sc,p130CAS,0
HGTX,Sdc,0
eyg,otp,1
D,Gef64C,1
kay,CG3608,1
sob,Doc3,1
kay,mRpS29,1
jumu,cdc2,1
drm,capt,0
BtbVII,Idgf4,1
sna,Mhcl,0
Sox21b,CG8483,1
odd,Msr-110,1
gt,slim,0
kay,CG32026,1
br,dlp,1
Hsf,insc,1
D,CG12075,1
bowl,mei-S332,0
Rx,CG14521,1
abd-A,CG8888,0
Rx,Rx,1
D,btsz,0
D,CG4019,0
Rx,Ac78C,1
odd,sm,0
br,Hexo2,0
grh,how,1
Sry-beta,Rgk1,0
D,Rapgap1,1
grh,sano,1
Dp,Dp,1
Hsf,Gclm,1
E2f,CG3394,0
Mef2,TpnC73F,0
fkh,Gs2,1
CrebA,up,0
BtbVII,l(1)G0007,1
sna,Ts,0
grh,knk,1
gt,Rapgap1,1
srp,cutlet,1
ac,l(2)09851,1
tgo,Glu-RI,0
crol,Sema-5c,1
lola,rap,1
Xbp1,CG1129,1
grh,kkv,1
sob,kkv,1
abd-A,MESR3,0
CG12054,Tsp96F,1
nub,Hr39,0
jumu,CG9449,0
E2f,CG17838,1
ac,dsx,1
kay,org-1,1
srp,CG10621,1
srp,mnd,1
fkh,CG5080,1
GATAe,CG3987,1
Kr,bru-3,0
gsb,drongo,0
grh,CG12207,1
Rx,PR2,0
grh,Picot,0
Ubx,ap,1
odd,CG6418,0
tgo,CG8552,1
BtbVII,CG31036,0
ac,CG6847,0
tgo,GATAe,0
Sox21b,CG5888,1
odd,CG6904,1
tgo,net,0
eyg,pgant5,0
crol,Fkbp13,0
Hsf,CG30115,1
sob,ss,1
drm,how,1
Mef2,CG1598,1
BtbVII,Act5C,1
vvl,Ptp61F,0
tup,CG5522,1
crol,inx7,0
crol,MESR3,0
kay,CG5886,1
nerfin-1,D,1
nerfin-1,CG2065,0
Rx,CG4497,0
E2f2,lid,1
grh,endoA,0
E2f,CG2083,1
BtbVII,org-1,0
repo,Egfr,0
BtbVII,CG32264,1
CrebA,CG12702,0
Dr,Him,0
HLHm5,HLHmbeta,1
bowl,rols,1
Xbp1,Past1,1
drm,bnl,1
lab,lab,1
ac,Cyp6a13,0
abd-A,Rab2,0
Dp,milt,0
jumu,CG10440,1
grh,CG31122,0
Hr46,Vha68-2,0
GATAe,bw,1
crol,CG31122,0
GATAe,W,0
kay,CG11417,0
GATAe,CG8907,1
E2f,B-H1,1
grh,CG15589,1
ERR,mnd,0
odd,CG9630,1
Hsf,CG8630,1
Hr39,CG4267,0
Dp,CG17321,0
gt,bnl,0
drm,odd,1
Pph13,lab,0
Hr46,CG1273,1
Hsf,CG8713,1
HGTX,CG1124,1
nerfin-1,Dgk,1
grh,CG1832,1
jumu,CG1671,0
odd,Doc3,1
drm,CG10936,0
grh,CG7115,1
E2f,flfl,1
tgo,Pgk,1
D,ase,1
Xbp1,CG11857,1
Hsf,Antp,0
Hsf,Sas10,0
l(1)sc,Gp150,1
BtbVII,flfl,1
kay,CG9837,1
Hr46,Hr39,1
srp,CG9372,1
srp,CG3191,0
br,pyd,1
D,grim,1
srp,CG12206,0
grh,Uba1,0
sob,knrl,1
crol,ko,1
Xbp1,Pax,1
Hr46,CG13636,0
grh,CG31028,1
odd,CG11910,0
tgo,sob,0
Rx,CG9134,1
BtbVII,apt,0
kay,CG14521,0
nerfin-1,Hsf,0
br,CG31431,0
pdm2,Ubx,1
grh,CG8861,0
vvl,CG5397,0
Rx,Best2,0
gt,fj,0
Hsf,CG4702,1
crol,disco,0
Hr46,CG10625,1
lola,CG12950,1
repo,CG10440,1
HLHm5,uzip,1
br,Dl,1
jumu,CG4781,0
Hr46,pgant5,1
bowl,ttk,1
HGTX,CG4721,1
E2f2,Adf1,1
kay,edl,1
Hr39,ase,0
sob,tok,1
srp,CG10512,1
lola,GalNAc-T1,1
Mef2,milt,1
srp,CG2003,1
vvl,CG31871,1
l(1)sc,aret,1
Ubx,twi,1
CG12054,CR32218,1
GATAe,CG15043,1
ttk,CG31781,1
Pph13,egl,0
nerfin-1,SoxN,1
BtbVII,tap,0
BtbVII,CG6745,0
HLHm5,mthl5,0
Optix,Ets65A,0
CG12054,Nak,1
odd,pav,1
BtbVII,Deaf1,1
nerfin-1,CG13928,1
srp,CG6415,1
kay,Corp,1
grh,emp,1
bowl,CG17124,0
l(1)sc,CG31098,0
kay,insc,1
Hr46,p130CAS,0
Mef2,CG12708,0
ac,CG9281,1
al,CG17572,0
HGTX,HGTX,1
kay,CG9630,1
ken,CG32982,1
ac,Rs1,1
Trl,Mbs,1
grh,ss,1
tup,Pax,0
Optix,MESR3,1
crp,CG13532,0
tgo,crp,1
kay,Hsp83,0
abd-A,p130CAS,0
tgo,insc,0
Rel,Rx,0
gsb,gsb-n,1
grh,CG31337,0
lola,amon,1
odd,ft,0
tgo,lid,1
sob,knk,1
grh,CBP,1
BtbVII,mub,1
kay,mfas,1
ase,CG5728,0
fkh,CG4213,1
GATAe,Cyp9f2,1
jumu,mRpS29,1
E2f,slbo,0
kay,CG8026,1
Rx,how,0
Sry-beta,neuroligin,0
grh,CG31036,0
CrebA,Pif1A,0
jumu,Gclm,1
Rel,Cbp53E,0
Pph13,Gclc,0
Dr,wrapper,0
drm,ap,0
grh,Sema-2a,1
Sox21b,CG6933,0
crp,CG11200,1
kay,FK506-bp1,0
nub,nAcRalpha-96Ab,0
Hr46,Su(H),1
srp,fng,0
BtbVII,CG13003,0
lab,ush,0
drm,RpI135,1
grh,CG4914,1
Hsf,inaD,1
Hsf,CG12708,1
grh,mthl5,0
bowl,CG9391,1
grh,CG8031,0
tgo,Akt1,1
tgo,CG16959,0
kay,Oatp33Eb,1
crol,W,1
Hsf,CG8888,1
BtbVII,Pvf3,0
E2f2,CG2656,1
Rel,NK7.1,1
ac,CG13253,0
crp,cl,1
jumu,CG6020,1
Ubx,dsx,0
CG12054,Gbeta13F,1
Rel,CG1572,1
odd,ase,0
gsb,CG6910,0
CG3838,RhoBTB,0
Xbp1,CG5382,1
bowl,heph,1
crol,how,1
gt,CG12288,0
Rel,lid,0
E2f2,Glt,0
nerfin-1,grim,1
grh,gukh,1
lola,Rs1,0
odd,Oatp74D,1
Hr46,CG8630,0
crol,Toll-7,1
nerfin-1,Wnt4,0
Rx,BicD,0
bowl,CG13676,1
grh,sls,1
E2f,tap,0
al,CG1354,1
Xbp1,trn,0
srp,CG1785,0
Hr46,smi35A,1
Mef2,Vha26,0
gt,cpb,1
AP-2,Cyp301a1,0
grh,Oatp74D,0
grh,CG7017,0
CrebA,bun,0
GATAe,CG15044,1
jumu,Fdh,1
BtbVII,CG8312,0
D,CG9795,0
sob,sob,1
ase,sob,0
CG12054,fok,0
GATAe,CG12581,0
Usf,CG12374,1
jumu,CG9630,1
Ubx,CG6765,0
BtbVII,CG17754,0
CG12054,CG9372,0
CG12054,CG8560,0
bowl,sec23,1
Rel,jing,0
ac,CG9300,1
Adf1,gsb-n,0
Rx,Vha68-2,0
twi,pdm2,1
crol,E2f,1
BtbVII,CG9279,1
Rx,Mlf,0
tgo,Ac78C,0
NK7.1,ct,1
BtbVII,Cdc42,1
CG18599,CG2765,0
bowl,CG8740,1
grh,nuf,1
Hr39,CG9503,1
BtbVII,vsg,1
Sox21b,Dif,0
CG10267,CG11837,0
ct,corn,0
l(1)sc,vimar,1
kay,hrg,0
grh,Src64B,0
sna,CG32105,0
gl,CycE,1
H2.0,H2.0,1
HLH106,Idgf4,1
crp,Mdr65,0
srp,CG9989,1
odd,CG4065,0
crol,Mnt,1
gt,Noa36,1
ERR,twi,0
Hsf,CG31036,1
vvl,toe,1
bowl,CG32685,0
gl,CG7298,0
crol,sktl,1
vvl,vg,1
al,Doc1,1
Hsf,scra,0
grh,CG4408,1
gsb,CG7992,0
sob,scra,1
GATAe,cpo,0
AP-2,Sox21b,1
GATAe,exex,1
Xbp1,Tal,0
ERR,Vha44,1
HLHm5,HLHm5,1
tup,drl,1
HLH106,CG4408,0
HLHm5,crol,0
tgo,homer,1
ac,CG1542,1
Sry-beta,v,0
gt,CG18473,1
kay,CG3191,1
fkh,exex,1
nerfin-1,Gp150,1
nerfin-1,cenG1A,1
crol,Dap160,1
nerfin-1,l(2)05510,1
BtbVII,CG6404,0
grh,CG6398,1
srp,CG4723,1
gt,tou,0
nerfin-1,corn,0
BtbVII,al,0
pdm2,Tsp66E,1
Xbp1,CG13784,0
CG10267,CG14937,1
tgo,disco,0
ase,pros,1
br,S,1
so,apt,1
tgo,Optix,0
jumu,how,0
odd,pros,0
grh,CG3328,1
lola,CG12054,1
sob,Mnt,0
l(1)sc,cenG1A,0
sob,ACXD,1
bowl,larp,1
odd,CG10440,1
grh,RpI135,0
HLH106,phyl,0
Rel,CG3624,1
bowl,Cyp9f2,0
srp,CG5840,1
Hr39,Rx,0
fkh,CG14687,1
Hr39,CG17834,0
drm,H2.0,1
jumu,CG4221,0
jumu,CycT,1
GATAe,bru-3,0
Hsf,cenG1A,1
ci,Dl,1
sob,Oatp33Eb,0
Dr,cenB1A,0
ken,RhoGAP92B,0
ac,MESR3,1
E2f,beat-IIa,0
tgo,sn,1
grh,SoxN,0
CG10267,ImpL2,0
abd-A,abd-A,1
grh,olf413,1
Dp,CG9331,0
Dp,CG30085,1
CrebA,Gad1,0
HGTX,LamC,0
gt,pros,0
odd,disco,1
Hr46,CG10267,0
l(1)sc,spdo,1
GATAe,CG7715,1
sob,CG8965,0
Usf,CG12723,1
Hr39,br,1
lab,Ssdp,0
bowl,CG12075,1
grh,Pxn,0
fkh,Calx,1
NFAT,tok,0
tgo,br,1
lola,CG9990,0
kay,DppIII,1
sob,bnl,1
CG12054,CG17838,1
Rx,Obp99b,0
Hsf,chif,0
Dp,Rnp4F,1
Dp,Btk29A,1
lola,Galpha49B,1
srp,CG11417,1
vvl,S,0
nerfin-1,sim,1
l(1)sc,HLHmbeta,0
lola,CG14186,1
crol,CG11905,0
jumu,CG13321,0
Optix,nmo,0
pdm2,NetA,1
crol,Calx,0
AP-2,CG11200,0
BtbVII,G-salpha60A,1
tup,ct,1
sob,for,1
Hr46,CBP,1
nerfin-1,CG12428,0
kay,CG9297,1
grh,brk,1
Dr,vvl,1
opa,disco,1
Hsf,corn,1
odd,al,1
crol,faf,1
srp,CG2083,0
grh,CG9643,0
nub,Gasp,1
Hsf,Nmdmc,0
HLHm5,CG3699,0
srp,CG12009,0
HGTX,ref(2)P,0
net,insc,1
GATAe,nrv2,0
pdm2,CG4386,1
Hr39,CG4502,1
GATAe,Tsp2A,1
ase,NetB,1
drm,Mp20,0
Pph13,retn,1
cnc,tara,0
Hsf,CG30116,0
crol,dco,1
eyg,CaBP1,0
l(1)sc,wdn,0
Dp,CG8036,0
srp,CG6329,0
nerfin-1,CG31323,0
crol,tou,1
lola,CG3829,0
Rel,Ddc,1
net,kay,1
lola,Eip63E,1
Rx,SoxN,1
D,CG32556,1
Ubx,nAcRalpha-96Ab,1
gl,brk,0
br,bys,0
GATAe,Tsp42Eg,1
D,CG6040,0
BtbVII,CG31871,0
disco,bun,0
jumu,CG11200,0
odd,CG8483,1
jumu,CG10211,0
sna,CG10440,0
odd,flfl,0
crol,CG9590,0
drm,ac,1
vvl,CG8965,0
CG12054,Doc1,0
btd,disco,1
BtbVII,Best2,0
ac,tok,1
Sox21b,grh,0
bowl,CG5773,0
Hsf,Su(var)3-9,1
srp,jbug,0
Hr39,Sulf1,1
repo,insc,0
fkh,Rgk1,1
sob,RpI135,1
gt,CG32137,1
Dp,CG1598,0
ac,comm,0
Hsf,GstS1,0
ase,btsz,1
E2f,LpR2,1
vvl,pdm2,1
sob,Dgk,0
vvl,CG10440,0
crol,htl,0
abd-A,toe,1
Xbp1,CG11163,1
GATAe,l(2)03709,0
grh,ena,1
lola,CG8026,1
tgo,CG7265,1
Dr,grh,0
lola,CG5756,0
lola,CG10664,1
l(1)sc,CG9098,1
eyg,lola,0
srp,CG5397,1
tgo,CG10585,1
Rx,tara,0
Hr46,Gld,1
Ubx,CG10958,0
Sox21b,tok,1
bowl,olf413,1
l(1)sc,Sema-5c,1
Rel,kay,1
nerfin-1,inx7,0
lola,CG5888,0
nerfin-1,CG6765,0
opa,Sox21b,1
gl,CG9335,1
grh,CG2065,0
sob,milt,0
HGTX,CG2162,0
pdm2,Antp,1
kay,CG8312,1
Pph13,Antp,0
eyg,sano,1
lola,CG10359,1
l(1)sc,CG5873,0
lola,Eip75B,1
Rx,deltaCOP,0
AP-2,CG4386,0
pdm2,nvy,0
gl,Gad1,0
grh,Men,0
odd,Doc2,1
l(1)sc,cpb,0
ac,Ect4,0
Hsf,Skeletor,0
NK7.1,Ipp,1
E2f2,ttk,0
CG12054,CG4069,0
vvl,CG9331,0
lab,CG7720,1
toe,apt,1
odd,Dhpr,0
Rx,CG11317,1
grh,cdc2c,0
GATAe,CG12869,0
gt,Myo61F,0
srp,CG8321,1
drm,scra,1
BtbVII,Rapgap1,1
HGTX,CG5728,0
crol,trx,1
sob,Eip75B,0
GATAe,CG9747,1
Sry-beta,comm2,1
Ubx,Rab3,0
jumu,CG32204,0
kay,th,1
crol,CG33275,1
jumu,Dif,1
vvl,CG11337,0
GATAe,CG32556,0
ac,CG17271,0
br,sim,0
jumu,Tsp96F,1
BtbVII,slim,1
E2f,NFAT,1
grh,br,1
Sox21b,Thor,0
grh,inx3,1
tgo,Mnt,1
vvl,Pvf3,1
E2f,CG33275,1
srp,Gclm,0
kay,CG31122,0
Adf1,CG17786,0
kay,Tsp,0
Pph13,Fkbp13,0
grh,Egfr,1
ERR,sls,0
gt,pxb,0
E2f,CG32264,1
ERR,CG10082,0
Hr46,ogre,1
repo,CG2162,0
ac,mRpL1,1
jumu,decay,0
Hr39,cenG1A,0
E2f,Lmpt,0
Hr46,Myd88,0
D,CG7048,0
srp,CG6904,0
sob,dlp,1
lola,CG6398,0
grh,CG32473,1
Trl,dve,0
Dp,katanin-60,1
kay,CG15658,0
l(1)sc,crol,0
sob,CG31221,1
BtbVII,CBP,0
srp,chp,0
Dp,Doc1,0
Hsf,ImpE1,0
opa,CG33275,1
GATAe,CG7298,1
ken,CG1124,1
BtbVII,htl,0
grh,Smg5,0
gt,CG13248,0
Usf,HLHmbeta,1
Dp,crol,1
ac,CG5888,0
Kr,Kr,1
HGTX,pyd,0
bowl,Gef64C,1
srp,CG1572,1
Xbp1,pav,1
sob,Dg,0
srp,vkg,1
ken,grh,0
srp,Orc5,0
gl,how,0
ase,CG31122,0
net,tok,1
vvl,Bj1,1
tgo,Mhcl,1
Sox21b,Oatp74D,1
bowl,CG11980,0
nerfin-1,CG14521,1
grh,CG9503,1
sob,sog,1
CG12054,TepIV,0
jumu,odd,0
grh,cup,0
lola,scf,0
Hr46,Mhcl,0
nerfin-1,CG8861,1
crp,CG3409,1
nerfin-1,CG32276,0
ac,CG12206,0
Hsf,CG14995,0
twi,nub,1
Pph13,KrT95D,0
jumu,crp,1
kay,CG14937,1
ase,stan,0
sna,CG12723,0
BtbVII,CG13894,0
BtbVII,Tal,1
ac,CG3394,0
Lim3,CG4091,0
GATAe,ttk,0
D,CG10211,0
drm,Oli,0
nub,so,1
Pph13,CG8965,1
Hsf,Cyt-b5-r,1
jumu,CG2162,1
crol,grh,1
Rel,CG6206,0
Pph13,CG14516,1
ase,fus,1
GATAe,Oatp74D,0
Dr,CG4781,0
ERR,Cyp4e2,0
ac,ara,0
kay,CG13893,1
lola,Ts,0
br,RhoGAP19D,1
ken,gsb-n,0
E2f,CG13676,0
pdm2,CG12214,0
vvl,zfh2,1
jumu,MTF-1,1
gl,Appl,1
kay,Hph,1
nerfin-1,Dscam,1
Hsf,Ptp61F,0
Rel,CG4781,0
grh,CG10625,1
Rx,CG2162,0
D,Ugt36Bc,0
ase,smi35A,0
srp,Hn,1
abd-A,olf413,0
grh,dp,1
bowl,Galpha49B,0
grh,CG8552,1
grh,CG15382,0
Rel,gukh,0
l(1)sc,Ptx1,1
GATAe,CG18522,1
kay,neuroligin,0
lola,pdm2,0
ase,nrv2,0
Hsf,CG2162,1
gl,shg,0
bowl,sd,1
Rel,l(3)82Fd,0
srp,CG5773,1
odd,Tm2,0
abd-A,Ptx1,1
nerfin-1,l(1)sc,1
Hsf,gsb-n,0
kay,Tre1,1
jumu,l(1)G0196,1
opa,bic,1
crp,CG17838,1
br,ImpL2,0
fkh,CG30283,0
Pph13,CG15097,1
tgo,Akap200,1
HLHm5,CG14968,0
sob,Galpha49B,0
Rel,CG32026,1
jumu,CG3394,1
AP-2,CG10440,1
bowl,CG7082,0
Su(H),CG9630,0
ken,tup,0
l(1)sc,Men,1
Dp,CG8888,0
kay,CG9184,1
BtbVII,dco,1
Dr,dve,1
Rx,CG5397,0
abd-A,Glu-RI,1
kay,alpha-Est4,0
l(1)sc,CG12708,0
l(1)sc,PyK,0
Xbp1,CG12723,0
twi,CG4769,0
BtbVII,CG33275,1
Trl,ced-6,1
Hsf,CG12082,0
kay,CG4670,1
ken,ko,1
grh,CG15658,0
lola,Pif1A,1
BtbVII,Eip75B,1
ase,Gp150,1
nerfin-1,CG16778,1
GATAe,CG11727,0
bowl,CG6398,1
BtbVII,CG8483,0
BtbVII,CG10621,0
jumu,RhoGAP19D,1
gsb,sob,1
gsb,ap,0
nerfin-1,Mp20,0
Hsf,Idgf4,1
Optix,Bx,0
gl,CG3777,1
Hsf,CG2065,1
srp,CG14253,1
br,wg,0
GATAe,CG4091,1
CG3065,CG13510,0
crol,Doc3,0
l(1)sc,nAcRalpha-96Ab,1
nerfin-1,RhoBTB,0
Hr46,CG32809,0
GATAe,CG9084,1
srp,CG9514,1
odd,CG5800,0
net,CG14521,0
BtbVII,insc,0
crol,jbug,1
br,CG9993,0
gt,Rel,0
Hr46,Spn6,0
kay,vvl,0
Adf1,RhoGAP71E,0
nerfin-1,trx,0
Hr46,lmd,0
Pph13,msk,1
kay,CG2865,1
CG12054,CG13624,1
jumu,PEK,0
Hsf,Thor,1
ac,Act57B,0
jumu,CG8321,0
bowl,CG8312,1
gl,Oatp58Dc,0
crp,mnd,0
ac,apt,0
sob,CG14516,0
gsb,slp1,1
jumu,ru,0
abd-A,cenG1A,0
Hsf,up,1
lola,ap,0
grh,CG15544,1
toe,Hr39,0
twi,CG1124,0
crol,Hr46,0
gt,Spn6,0
GATAe,CG10992,1
Hr39,CG6847,1
kay,CG33144,1
bowl,CG17027,0
bowl,dan,0
Rx,mmd,1
jumu,stau,1
Dr,CG10602,0
grh,cora,1
srp,drm,0
ase,Glu-RI,1
D,CG8920,0
abd-A,CG9184,0
ac,CG10359,1
kay,CG8560,1
kay,CG7017,0
l(1)sc,apt,1
btd,tup,1
drm,Fkbp13,1
kay,asp,0
HGTX,trh,1
sob,c12.1,1
Rx,TpnC73F,0
nerfin-1,E(Pc),0
Hsf,Pph13,0
Hr46,Gli,1
grh,Cht3,1
nerfin-1,ced-6,0
Hsf,Rox8,0
Mef2,CG12424,1
eyg,heph,1
kay,ppl,1
grh,Sox21b,0
ac,CG6937,1
drm,br,0
Hr39,CG10359,0
odd,CG5756,0
Hr46,CG13124,0
gt,CG30497,1
GATAe,slif,1
E2f,E2f,1
grh,E2f,1
sob,G-ialpha65A,1
lab,sbb,0
HGTX,Rgk1,1
crol,Nmdmc,0
sob,CG4386,0
BtbVII,vg,0
E2f,kst,1
gsb,nod,0
gt,CG12723,1
Dr,CG33275,0
nub,toy,1
bowl,CG10625,1
ase,msk,0
GATAe,CG4502,1
Hsf,toc,1
grh,Src64B,0
ken,shd,0
GATAe,drk,0
srp,Rox8,0
gt,CG1273,0
grh,G-ialpha65A,1
Hsf,egl,0
ac,Tsp,1
kay,CG9795,1
GATAe,alpha-Est1,1
vvl,apt,1
GATAe,olf413,0
Rel,Rel,1
eyg,shg,0
srp,Lsp1gamma,1
tgo,CG16778,0
tgo,Sec61alpha,0
E2f,CG9663,1
grh,Mbs,1
grh,Hmgs,0
al,Tsp,1
Hsf,MESR4,0
lola,l(1)G0196,1
kay,kay,1
repo,CG7358,0
srp,CG13607,1
crol,CG8483,0
Hr46,homer,0
odd,RhoGAP68F,0
Su(H),Doc1,0
ac,flfl,0
Hsf,CG12581,0
toe,LpR2,1
bowl,CG10936,0
tgo,Ssdp,1
ase,CG17027,0
l(1)sc,Glu-RI,1
jumu,dsx,0
Hr46,GalNAc-T1,0
grh,Dscam,0
fkh,CG12581,0
ase,bowl,1
odd,slbo,0
GATAe,CG8160,1
gt,CG3961,0
bowl,for,1
grh,Cbp53E,0
tgo,CG12424,1
srp,yellow-b,0
bowl,CG13624,0
crp,Cyp4e2,0
kay,fok,1
toe,CG8545,0
Usf,Gad1,0
crol,CG1542,0
kay,CG9717,0
ci,dlp,1
crol,Lsd-2,1
ase,CG11961,0
odd,CG10565,1
gsb-n,Rab23,0
sob,Act5C,0
Rx,neuroligin,1
GATAe,CG15745,1
Dp,ss,1
grh,arr,1
Trl,drk,1
CG12054,mbc,1
Xbp1,Sec61beta,1
jumu,CG8850,0
Hsf,Hph,0
kay,MESR4,0
grh,ple,0
Rx,CG8629,0
E2f,oaf,0
GATAe,ACXD,1
kay,Ets21C,1
tgo,mask,1
grh,CG15382,0
abd-A,otp,1
BtbVII,CG7048,1
l(1)sc,m1,0
gsb,Src64B,1
Mef2,CG1572,0
Sox21b,CG6418,1
br,CG11317,0
tgo,E(Pc),1
kay,ACXD,0
Hsf,CG32137,1
Hr46,sm,1
ase,nahoda,1
Pph13,NFAT,0
Hr46,Hsp26,0
ac,CG31221,1
ci,ko,1
Pph13,Cdc42,0
HLH106,Eip63E,1
sob,CG9279,0
srp,CG2736,1
eyg,Glu-RI,1
Ubx,Ptx1,1
Pph13,bru-3,0
kay,dm,1
jumu,CG9335,0
vvl,bgm,1
GATAe,CG9568,1
Hsf,htl,0
tup,bru-3,0
crp,NK7.1,0
twi,CG15828,1
BtbVII,RhoGAP71E,1
repo,B-H1,1
grh,CG13676,1
CrebA,CG4612,0
Hsf,CG6726,0
bowl,inx3,1
Rel,l(3)05822,0
BtbVII,Mbs,1
crol,milt,1
toe,bru-3,1
Hsf,Ote,1
repo,Cyp9b2,0
Dp,CG11980,0
odd,Vha68-1,1
srp,CG1621,0
dm,Rgk1,0
grh,ACXD,0
crol,dp,1
ken,CG14408,0
nerfin-1,jing,0
Hr46,Jheh2,0
kay,CG9331,0
br,Idh,0
Hsf,ken,1
nerfin-1,CG15765,1
eyg,mRpL24,0
kay,faf,0
GATAe,kst,0
bowl,Dip-C,0
gl,mub,0
GATAe,Gp150,0
Hr39,CG32473,0
CG12054,CG12054,1
jumu,CG9394,1
GATAe,CG5514,0
grh,sktl,1
crol,Tre1,0
cnc,larp,1
Xbp1,pip,0
Optix,Ptp61F,0
lab,ref(2)P,0
ac,CG15743,1
GATAe,CG32105,0
tup,nrv2,1
bowl,CG11455,0
E2f,CG10440,0
Hsf,nAcRbeta-21C,0
gt,CG10602,1
tup,Oatp74D,1
Sox21b,CG7510,0
Dr,CG10992,0
sob,CG4069,0
srp,mei-P26,0
sob,wg,1
Hr39,betaInt-nu,0
ase,CG32556,1
ase,ko,0
Rel,CG10440,0
grh,bnl,1
Rx,how,0
nerfin-1,sna,0
Dr,CG15382,0
Hr39,Bub1,0
BtbVII,CG10958,0
abd-A,Mip,1
GATAe,CG5059,1
BtbVII,drongo,1
jumu,Cyt-b5,1
ac,CG13126,0
nerfin-1,tsh,1
sna,CG10625,0
Xbp1,NUCB1,1
Hsf,sls,0
Usf,CG14712,1
ci,CG3624,0
E2f,Glu-RI,0
crol,sd,1
Mef2,crol,1
gl,dan,1
srp,CG3505,1
srp,CG13362,0
Mad,sog,0
nerfin-1,Side,1
odd,CG8112,0
kay,CG13827,1
gl,chp,1
l(1)sc,CG12075,1
br,pyd3,0
Dr,Gasp,1
gsb,CG4623,0
drm,CG3838,0
Xbp1,KdelR,1
btd,AP-2,1
odd,Uba1,1
GATAe,CG13510,1
lola,CG12723,0
Hr39,CG31324,0
Rx,CG10657,0
sob,drm,1
ttk,Ast,1
kay,CG11980,1
l(1)sc,tap,1
nerfin-1,CG12581,1
crol,bel,1
grh,Gef64C,1
srp,NaPi-T,0
gt,CG10249,0
BtbVII,lola,1
GATAe,CG9335,0
Hsf,Rapgap1,1
Rel,Ote,0
drm,lid,0
gl,CG18273,0
vvl,Rox8,0
srp,ase,0
tgo,CG1647,0
CG10267,stumps,1
l(1)sc,comm,0
nerfin-1,CG31357,0
grh,sbb,1
gl,sob,0
Hr39,shg,1
crol,Mhcl,1
lab,RhoL,0
drm,trx,0
Sry-beta,Dl,0
Mad,nuf,1
lab,Dr,1
twi,trh,1
kay,bun,1
Dr,comm,1
toe,Rab23,1
vvl,Dr,1
kay,ase,0
lola,CG9331,0
srp,wgn,1
jumu,Ote,0
net,CG5033,0
tup,Gasp,1
odd,Sox21b,1
srp,CG31150,1
E2f2,CG32137,0
Hsf,CG11334,0
gl,NetA,1
srp,CG10467,1
tgo,nAcRbeta-21C,0
grh,Rox8,1
Hr46,CG11380,1
toe,Cbp53E,1
GATAe,slim,0
BtbVII,CG31663,0
D,CG16778,1
drm,Rpb5,0
HLHm5,Ets65A,0
CG12054,smg,1
Dp,CG5059,0
gsb-n,m1,1
tup,Aats-ala-m,1
lab,NK7.1,1
CrebA,Fkbp13,1
Hr39,oaf,0
l(1)sc,Gli,1
Rx,beat-IIa,1
br,CG12424,1
GATAe,CG1882,1
Rel,l(2)efl,0
Hsf,odd,1
ase,Rab23,1
grh,ft,1
Hsf,apt,0
drm,CG14762,1
abd-A,5-HT7,1
CG12054,mei-P26,1
Hr39,nmo,1
Rx,Tig,0
tgo,CG9643,0
kay,CG15382,1
twi,smg,0
Hsf,CG18522,1
ase,nuf,0
br,CG10359,0
Rx,Sulf1,0
Hsf,CG7777,1
D,fau,0
abd-A,CG8861,1
Hr39,flw,1
sob,tsl,0
tup,CG30291,0
abd-A,CG31663,1
kay,CG32105,0
crol,tsl,0
gl,net,0
BtbVII,CG12926,0
Ubx,CG9795,0
grh,ttk,1
gl,loco,1
ase,CG8160,1
odd,sog,1
tup,msk,1
srp,CG32043,0
ase,gt,0
ken,Act5C,1
srp,CG8160,0
jumu,Galpha49B,1
l(1)sc,CG31121,1
GATAe,sano,0
grh,CG8745,0
gl,Imp,1
vvl,Pgk,0
fkh,CG11255,0
tup,knk,0
ac,pen,1
E2f2,fra,0
ac,RhoGAP1A,0
sna,Sema-5c,0
bowl,SoxN,0
grh,Tsp96F,0
odd,Gld,1
grh,Mgat2,0
sna,sm,0
srp,Obp99c,1
nerfin-1,Rab23,1
gl,Gasp,1
tgo,Rab8,1
vvl,CG9449,1
jumu,bun,1
Xbp1,Sec61alpha,1
Ubx,grim,0
odd,Tsp,1
pdm2,CG6981,0
sob,CG32043,0
ttk,beat-IIa,1
grh,Mnt,1
gt,CG5522,1
ac,CG10151,1
ase,CG7724,1
BtbVII,CG9663,1
kay,gem,1
BtbVII,Tpi,1
l(1)sc,CG15828,0
CG12054,CycT,1
Rx,Mkp3,0
GATAe,CG15347,1
CG10267,CG17508,1
nerfin-1,CG32105,1
Dr,Ubx,1
tup,uzip,1
Rel,cup,1
jumu,endoA,1
Hr46,nvy,0
GATAe,Thd1,0
Ubx,CG3792,0
crol,CG11200,0
BtbVII,lid,1
srp,CG14598,0
tgo,CG11727,0
GATAe,jumu,0
BtbVII,MESR4,1
sob,CG18594,0
lab,betaTub60D,1
ac,CG12206,0
GATAe,CG33138,1
tgo,otp,0
E2f,CG42748,0
HLHm5,Rapgap1,1
jumu,cl,0
CrebA,CG18273,0
pdm2,retn,1
gt,CG3191,1
tgo,fng,0
odd,CG17321,1
Rx,CG14830,0
srp,Dscam,0
lola,cry,0
eyg,Mdr49,0
Rel,Cbp53E,0
Pph13,CG13894,1
kay,CG5800,1
GATAe,CG30344,1
HLH106,ush,0
Pph13,CG31871,1
vvl,decay,0
odd,Lis-1,1
kay,CG32982,1
GATAe,Tsp42El,0
ac,CG7839,1
ac,retn,0
BtbVII,mus209,1
Dr,ppa,0
net,CG9990,0
ac,FK506-bp1,1
ac,CG17321,1
Lim3,Idgf4,0
GATAe,Tsp29Fa,1
tin,crol,0
abd-A,GalNAc-T1,0
Dp,Ugt36Bc,0
Trl,CG9630,0
gt,CG5130,1
Mad,al,0
gl,Fdh,0
tgo,CG4065,0
grh,nAcRalpha-96Ab,1
HLH106,CG32369,0
srp,CG13894,1
kay,CG10621,0
CG12054,PEK,0
Hsf,CG3967,1
eyg,grh,1
sna,for,0
crol,Nak,1
kay,CG33056,1
Su(H),Hsp26,0
Rx,CG8031,0
l(1)sc,ImpL1,0
Hsf,CG3434,1
grh,CG13822,1
nerfin-1,mRpL24,0
HLH106,CG6051,0
tgo,CG31122,1
GATAe,CG13894,0
Hr46,TER94,0
Xbp1,CG9279,0
l(1)sc,CG12708,0
grh,Dat,1
GATAe,grh,0
HLHm5,CG9194,0
kay,Ts,0
Ubx,vvl,1
l(1)sc,CG6495,0
Hsf,Mlf,1
cnc,jp,1
Xbp1,Oli,0
lola,CG11966,0
kay,CG9238,1
odd,Pld,0
drm,Oatp74D,1
gt,olf186-M,1
lola,CG9643,1
Adf1,uzip,0
Rel,CG32486,0
jumu,Pvf2,0
BtbVII,LanA,1
grh,Myd88,1
gt,Aldh-III,1
Hr46,CG6495,0
grh,Gli,1
crol,kel,1
NFAT,apt,0
BtbVII,Pgk,0
Rx,CG6495,0
odd,tok,1
Hr46,CG9568,0
ase,CG4221,1
grh,CG7358,1
Hr46,bw,0
Rel,CG9989,0
drm,HLHmbeta,0
grh,sd,1
lola,Uba1,0
grh,CG12581,1
Rel,Lmpt,1
sob,edl,1
toe,CG7358,0
Ubx,fs(1)h,0
odd,AP-2,1
grh,BicD,1
gt,CG4213,0
BtbVII,Ssdp,1
HLH106,Deaf1,0
Hr46,CG15544,1
br,fs(1)h,1
GATAe,grh,0
bowl,ss,1
kay,l(3)05822,1
Rx,apt,1
abd-A,neuroligin,1
bowl,tkv,1
HLHm5,kay,1
sob,CG32204,1
vvl,flfl,0
BtbVII,larp,0
lola,CG8446,1
ken,GalNAc-T1,0
Ubx,Dscam,0
srp,porin,1
lola,Ilk,1
kay,CG9394,1
odd,CG7510,0
BtbVII,CG1698,0
vvl,Obp99c,1
grh,Act87E,1
E2f,GstS1,0
grh,CG31098,1
br,CG17572,0
tup,CG18522,0
GATAe,dsx,0
Dp,ap,0
crol,exex,0
srp,Tig,1
l(1)sc,CG32556,1
kay,CG4623,1
Hr46,comm,0
Hr46,cry,1
E2f,Coprox,0
CG10267,Hsf,1
Rx,CG8312,0
Hr46,mspo,0
cnc,mask,1
pdm2,twi,1
srp,CG12194,0
tgo,mub,1
br,how,1
HLH106,CG6904,1
gt,CG2162,1
D,ed,0
tgo,CG18522,0
GATAe,Coprox,0
GATAe,fra,0
srp,cenG1A,0
ac,cenB1A,0
gt,betaTub56D,0
lab,CG6398,0
gt,ImpL2,0
kay,CG30283,1
kay,CG13894,0
l(1)sc,Egfr,1
so,NetA,1
CG12054,CycE,1
gt,Dif,1
ERR,CG13248,1
toe,CG17786,0
Rx,sim,1
CG12054,nmo,1
gl,Ipp,1
kay,CG6051,1
gl,CG31619,1
l(1)sc,CG14636,0
br,CR32218,1
jumu,CG10625,0
kay,CG13607,0
CG12054,CG1621,0
l(1)sc,Rx,1
Hsf,apt,0
CG12054,Ugt36Bc,0
nerfin-1,Ddc,0
Rx,otp,1
Hsf,CG32687,1
drm,CG10992,0
gt,CG9331,1
GATAe,CG3394,1
nerfin-1,CG32204,1
fkh,Rpb5,0
Usf,RpL3,1
Hr46,Sox21b,0
lola,yip2,1
odd,ac,1
bowl,aret,0
gl,CG3987,0
E2f,CG2736,0
tgo,tou,1
crol,Ptp4E,1
crol,CG10359,0
odd,CG5522,1
abd-A,milt,0
crol,pyd,1
odd,ss,1
fkh,CG8630,1
crol,CG17838,1
Hsf,Obp56a,1
pdm2,MESR3,0
E2f,SoxN,0
CG12054,Fdh,1
bowl,dlp,1
jumu,CG12708,1
lola,Cyp4e2,0
ac,sm,1
kay,zetaCOP,0
srp,CG4623,0
E2f,GlyP,0
GATAe,CG8629,1
gsb,CG11905,1
crp,CG17323,0
E2f,tsl,0
ERR,CG7510,1
br,dsx,1
vvl,ap,1
nerfin-1,neuroligin,1
Pph13,drl,1
grh,CG1815,1
jumu,CG11980,0
kay,sced,1
srp,olf413,0
BtbVII,Hmgs,0
srp,CG31036,1
Rel,CG4030,1
sob,lola,1
GATAe,nudC,0
twi,for,0
bowl,CG2083,0
opa,dco,1
exex,CG7565,0
sob,CG3800,1
kay,CG2065,1
E2f,Pde8,1
tgo,sgl,1
lab,ara,1
BtbVII,Toll-7,1
BtbVII,bel,1
nerfin-1,S,0
BtbVII,CG1815,1
crol,CG10267,0
Sox21b,gukh,0
gsb,MICAL-like,0
SoxN,Ubx,0
grh,Ssdp,1
br,jing,1
crp,CG10565,0
nerfin-1,l(1)G0193,1
Xbp1,ERp60,1
repo,CG11255,0
D,Rab23,0
odd,gsb,1
sob,CG10440,1
CG3065,CG6388,0
CG12054,Galpha49B,1
GATAe,CG1246,1
Optix,CG17786,0
Rel,TepIV,1
nerfin-1,Lis-1,1
jumu,CG17786,1
sob,al,1
GATAe,Lip1,1
grh,btsz,1
grh,B-H1,1
CrebA,Hex-A,1
grh,Pde8,1
jumu,CG7369,1
kay,CG6461,0
Hsf,Pcaf,1
kay,KrT95D,1
GATAe,CG11980,0
srp,Kr-h1,0
Hsf,CG4019,1
Usf,Vha55,1
ase,Cha,1
E2f,Ubx,0
bowl,bru-3,0
odd,CG12708,1
vvl,NetA,1
bowl,CG33275,1
ac,CG1785,1
vvl,CG31676,1
lab,vsg,0
drm,Sdc,0
CG12054,Glu-RI,0
sob,CG15743,1
tgo,CG31559,0
srp,fj,0
grh,jing,1
Hsf,CG8920,1
Rx,Nep4,1
gt,CG32043,1
nerfin-1,PH4alphaPV,0
ci,l(1)G0193,0
tgo,betaTub56D,0
bowl,numb,1
BtbVII,CG6726,1
l(1)sc,CG8740,1
jumu,toc,1
BtbVII,neur,1
abd-A,sls,0
vvl,Bx,1
ac,brat,1
Mef2,chif,1
grh,Shal,0
gsb,wg,1
l(1)sc,CG3777,0
Optix,DNaseII,1
E2f,brk,1
GATAe,RhoGAP92B,1
tgo,brk,1
CG10267,Ac78C,0
BtbVII,CG32473,0
HLHm5,CG1542,0
Hsf,Obp99b,1
sna,l(1)G0196,0
repo,inx7,0
bowl,Glu-RI,1
ase,qua,0
tgo,Ptx1,0
GATAe,CG12926,0
E2f2,CG7188,1
lola,KrT95D,1
bowl,CG15211,0
br,Mbs,1
crol,olf413,1
tgo,drongo,0
tup,CG1371,1
grh,CG30497,1
E2f2,CG9331,0
srp,CG16959,0
HLH106,Cad74A,0
tgo,RhoGAP19D,1
crp,CG30373,1
grh,ACXD,0
BtbVII,CG8034,1
Hsf,Pxn,1
BtbVII,wdn,1
gl,lab,0
Sry-beta,rap,0
Rx,alpha-Est4,0
bowl,Gad1,0
BtbVII,Zn72D,1
BtbVII,l(2)03709,1
crol,Oli,0
br,RhoGAP71E,1
grh,Hr39,1
AP-2,Corp,0
drm,heph,1
toe,gem,0
l(1)sc,CG4050,0
BtbVII,crol,1
grh,CG3777,1
gt,CG11980,1
repo,ttk,0
sob,CG2083,0
gt,inx7,0
Optix,lab,1
ase,CG1671,0
Hr46,st,1
srp,CG6745,1
ase,CG6040,1
l(1)sc,Optix,0
sob,sec23,1
GATAe,CG10175,1
vvl,CG4080,0
tgo,CG10440,0
srp,comm,1
ase,mei-S332,0
bowl,smi35A,1
srp,Fas3,0
Hr39,ImpE2,1
CG12054,pr-set7,1
grh,CG6937,0
crp,CG11455,1
odd,sob,1
BtbVII,Antp,0
srp,Jheh1,1
E2f,CG10440,0
tup,CG8965,1
grh,inx2,1
sob,lbm,0
kay,Hsp26,0
BtbVII,CG9084,0
grh,RhoGAP71E,1
gl,bun,0
nerfin-1,igl,1
GATAe,CG4221,0
Mef2,Galpha49B,0
crol,for,1
jumu,Rapgap1,1
ac,CG5728,1
Dr,Cad74A,0
ac,CG8861,0
Ubx,SerT,1
kay,Tsp2A,0
GATAe,Esp,1
toe,brat,0
GATAe,kst,0
al,knrl,1
HGTX,cpb,0
Hr46,tipE,0
HGTX,CG31781,1
BtbVII,CG1598,0
ac,CG31781,0
BtbVII,Dys,1
repo,CG14636,0
crol,S,1
Xbp1,Lac,1
Pph13,rst,1
kay,CG31357,1
BtbVII,Kr-h1,1
Dr,lbm,1
jumu,Pif1A,1
Dr,CG5522,0
odd,wg,1
abd-A,Oatp58Dc,1
kay,otp,0
gsb,fus,0
BtbVII,CG15382,0
BtbVII,ppa,1
Hsf,Cyp1,0
SoxN,Argk,0
repo,CG6327,1
D,beat-IIa,1
vvl,Ect3,1
Sry-beta,NetB,0
HLHm5,Sdc,0
lola,CG31534,0
kay,CG13784,1
E2f,Ubx,0
ase,Toll-7,0
ase,capu,1
Hsf,Sirt2,1
bowl,CG6765,0
odd,odd,1
Rx,lmd,0
bowl,jing,0
drm,exex,0
sna,sano,0
sob,CG17834,0
kay,Cyp4g15,0
ac,CG4080,0
Rel,insc,1
l(1)sc,nahoda,1
crol,E(Pc),1
Rx,Cbp53E,1
grh,egl,1
drm,ImpE1,1
Rx,CG18473,0
abd-A,ara,0
E2f,lid,1
lola,phtf,1
vvl,Pde8,0
nerfin-1,CG6024,1
sob,l(2)k16918,1
BtbVII,Dl,1
Mef2,CG6327,0
D,CG9253,0
kay,ple,1
bowl,wgn,0
kay,CG1698,1
grh,LpR2,1
grh,CG16798,0
ttk,otp,1
tgo,amon,0
HGTX,ATPsyn-gamma,0
tgo,tara,1
gsb,disco,1
sob,CG6398,1
bowl,Gel,0
drm,Msr-110,1
abd-A,apt,1
kay,CG8112,1
nerfin-1,MESR3,0
kay,CG11617,1
srp,Sdc,1
kay,CG2663,0
Hr46,CG32685,0
ase,CG1621,1
nerfin-1,CG7510,1
grh,pgant5,1
jumu,Ast-C,0
odd,REG,0
E2f,Keap1,0
jumu,dm,1
repo,l(2)05510,0
CG12054,lola,1
crol,tara,1
E2f,rhea,1
Hsf,CG13315,1
kay,CG3884,0
BtbVII,Trim9,1
odd,Orc5,0
srp,odd,0
crol,BicD,1
bowl,CG4612,0
bowl,CG30116,1
l(1)sc,Hsp26,0
Hr39,CG11966,1
srp,CG4080,0
kay,RhoGAP18B,1
BtbVII,CG3505,0
CG18599,CG18599,1
Sox21b,opa,1
ase,CG11966,0
Sox21b,Toll-6,0
bowl,l(2)k16918,0
Hr46,CG4984,1
Hr39,CG11771,0
srp,CG4502,0
Usf,Vha26,1
srp,Nmdmc,0
jumu,Dhpr,1
odd,knrl,1
l(1)sc,Optix,0
tgo,CG33138,0
gl,Ect4,0
GATAe,Cyp304a1,1
Dp,vvl,0
Hr46,CG9503,1
vvl,CG8630,1
Rx,CG13624,0
Dr,CG9335,1
Hsf,tup,1
Su(H),TER94,0
jumu,Df31,0
lola,Tpi,1
vvl,dve,1
lola,crp,1
ac,l(2)k01209,1
ac,odd,1
l(1)sc,bru-3,1
tup,CG17508,0
BtbVII,Gclm,0
lola,CG10669,1
vvl,Akt1,0
kay,CG32066,1
E2f,corto,1
BtbVII,CG5514,1
ac,inx2,1
sob,CG7720,1
grh,CG10479,0
Lim3,CG6495,1
Hr46,CG11353,1
Ubx,Cam,0
gl,Gef64C,1
grh,Tig,0
GATAe,CG9717,1
gl,toy,1
abd-A,Ubx,1
tgo,CG12708,0
crol,vvl,0
crol,CG1371,0
BtbVII,CG4030,0
BtbVII,btsz,1
br,pgant5,1
E2f,br,1
nerfin-1,l(2)09851,0
GATAe,PH4alphaPV,1
l(1)sc,Cad74A,1
tup,flfl,0
ken,CG9411,1
GATAe,bwa,1
br,CG17838,1
Mef2,Mef2,1
ase,CG9630,0
D,CG6398,0
sob,nAcRalpha-96Ab,0
GATAe,CG11200,0
sob,Appl,0
br,blow,0
Hr39,corn,0
toe,CG17323,0
BtbVII,Gs2,0
grh,CG4221,1
sob,CG14253,0
ac,Kr-h1,0
sob,CG1648,1
lola,l(2)05510,1
sob,CG17321,1
nerfin-1,CG9253,0
ken,Calx,0
srp,CG31676,0
kay,Mkp3,1
lab,CG12054,0
nerfin-1,drm,0
kay,Nrt,0
grh,G-oalpha47A,0
nerfin-1,kst,0
sna,Gp150,1
CG12054,GstS1,0
D,D,1
CG12054,pan,1
BtbVII,Tsp42Eg,0
vvl,Su(var)3-9,0
BtbVII,CG6040,1
Rel,CG4089,1
tgo,gl,0
crol,osp,1
repo,pdm2,0
Hsf,CG3520,1
Hsf,Vha55,0
GATAe,DppIII,0
sob,CG4408,0
srp,BM-40-SPARC,1
CrebA,igl,0
kay,Smg5,1
Rx,Jheh2,0
odd,RpI135,1
grh,TpnC73F,1
crp,TFAM,0
grh,CG13624,0
GATAe,alpha-Est5,1
jumu,CG3764,1
Xbp1,pdm2,0
gt,CG3409,0
Hsf,CG8668,0
E2f,milt,1
Rx,CG30116,1
grh,CG8740,1
ttk,nahoda,0
srp,CG31324,1
jumu,cpb,1
sna,CG15544,0
toe,Ets65A,1
Rx,CG3967,0
Xbp1,5-HT7,0
drm,HLHm5,0
GATAe,kay,0
grh,CG5828,0
nerfin-1,CG14186,1
GATAe,CG5819,1
opa,Lkr,0
repo,zfh1,1
Hsf,CG10650,0
BtbVII,S,1
BtbVII,CG4670,0
Rel,mRpS29,0
ci,heph,1
nerfin-1,Shal,1
tgo,S,1
grh,wdn,0
grh,CG10107,1
Pph13,oaf,0
GATAe,CG7816,1
Dp,CycE,1
jumu,CG7048,1
sob,odd,1
Dp,Ets65A,0
tgo,Pdsw,1
drm,CG1371,1
bowl,Rnp4F,0
sob,CG14762,1
nerfin-1,cpo,1
Hr46,MESR3,1
HGTX,CG7992,0
toe,Fas3,1
Hr39,tap,0
grh,CG8850,0
crol,CG14207,0
Hsf,CG11370,1
grh,slbo,0
ken,CycT,0
Rel,CG11048,0
pdm2,vvl,1
srp,CG11188,1
repo,Calx,0
Dp,MESR3,0
Rx,wrapper,1
twi,CG7337,0
Trl,Galpha49B,1
E2f,disco,0
CG3838,CG3838,1
ERR,jbug,1
grh,Act57B,1
tup,ferrochelatase,0
GATAe,E2f,0
sob,ImpE1,1
p53,shg,0
Hsf,CG15118,1
repo,CG3800,0
twi,Lkr,0
grh,W,1
sob,CG11905,1
D,Dhpr,0
srp,CG9629,1
Hr39,Cdc42,0
Rx,CG15118,0
Pph13,CG10710,0
CrebA,CG2918,1
ac,G-ialpha65A,0
Ubx,CycT,0
tup,CG31676,0
ac,flfl,0
ase,CG2162,0
tgo,comm2,0
lola,CG6726,1
Hr39,CG8668,1
ken,Galpha49B,0
net,Tsp2A,0
grh,RhoGAP19D,0
grh,CG14995,0
crp,flfl,0
Hsf,Eip63E,1
gl,tsh,1
E2f,fs(1)h,1
ci,btsz,1
kay,MESR4,0
ac,uzip,0
Ubx,Dr,1
kay,vvl,0
l(1)sc,CG6398,0
lola,Glu-RI,0
GATAe,inx7,1
tgo,CycE,1
Dp,E2f,1
tgo,BicD,1
Hr46,CG3987,0
Dp,RhoGAP71E,1
drm,disco,1
kay,CG33275,1
toe,CG18507,1
ac,CG8483,1
gsb,kay,0
crol,oaf,1
drm,CG10440,1
l(1)sc,CG32809,0
Dp,olf413,1
HLH106,TepIV,0
Hr46,CG8668,1
drm,Rab23,0
vvl,ct,0
srp,l(1)G0193,0
Hsf,Uba1,1
GATAe,aret,0
al,CG11334,1
br,CG4612,1
grh,CG7017,0
al,CG6904,0
grh,Ddc,0
ken,CG13699,1
BtbVII,CG1124,0
Hsf,sim,0
Hr46,CG13305,0
bowl,how,1
Su(H),Bx,0
Dp,dsx,1
Rx,Hsf,0
ken,CG32137,1
br,pan,0
ken,mmd,0
repo,fus,0
Pph13,knrl,0
jumu,CG7011,1
Ubx,CG8129,0
jumu,porin,0
opa,Cyp301a1,0
vvl,trh,1
lola,CG12262,1
grh,CG3394,0
crol,jing,1
BtbVII,Elf,1
E2f,E(Pc),1
ase,CG32043,0
gt,CG32486,1
crol,CG1572,0
Hsf,Sug,1
srp,CG11727,0
kay,Glu-RI,0
E2f,Dl,1
ase,Fdh,0
gt,CG7841,1
gl,nub,1
Usf,heph,0
CrebA,BEAF-32,0
nerfin-1,Glu-RI,1
Dp,Moe,1
ac,Fkbp13,1
ac,fng,1
crol,Oatp58Dc,0
jumu,Zn72D,0
sob,CG10924,0
Dp,CG32809,0
drm,dsx,1
ac,l(3)07882,1
CG12054,Adk2,1
crp,CG11015,1
lola,Sdc,1
gl,CG13624,0
ttk,CG11727,0
ken,CG2781,0
NFAT,Rpb5,1
lola,Msr-110,1
srp,CG2254,1
Adf1,Argk,1
jumu,ogre,0
grh,Bub1,1
grh,CG32043,1
sna,CG31028,1
E2f,osp,1
jumu,tup,0
tgo,fra,1
ERR,ss,1
Pph13,comm,1
lab,aret,0
nerfin-1,CG12194,1
vvl,CG31038,1
kay,Ddc,1
grh,Fas3,1
HGTX,aret,0
CG12054,loco,0
grh,S,1
twi,Pvf2,1
Rx,Dp1,0
drm,CG2765,0
ac,Lip1,0
grh,trx,1
grh,Myo61F,0
CG18599,cenG1A,1
brk,Mad,1
lab,crol,0
E2f,Mhcl,1
odd,br,0
sob,dm,0
cnc,CG16857,0
gl,Cyp1,0
ttk,mask,0
vvl,l(1)G0196,0
br,toe,0
crol,Gli,0
crol,mei-P26,1
grh,CG42748,1
tup,CG11980,0
Ubx,NetA,1
tgo,CG13893,0
kay,Pax,0
abd-A,CG11353,0
Rx,Hex-A,0
bowl,B-H1,1
nerfin-1,Mes2,1
Hr46,CG12576,1
tup,wgn,1
gt,CG10710,1
abd-A,Ast,1
lab,Uba1,0
ase,shg,0
repo,CG1698,1
Sox21b,CG10440,1
jumu,CG1749,1
GATAe,lmd,0
br,ed,1
GATAe,pgant5,0
crol,ena,1
Hsf,igl,0
tup,fra,0
gsb-n,pxb,1
HGTX,CG30116,1
srp,srp,1
Dp,CG5514,1
eyg,beat-IIa,1
odd,Act57B,0
Rx,Rgk1,1
ac,CG10565,1
crol,fs(1)h,1
cnc,GATAe,1
gl,CG18594,0
Dp,Wnt4,0
gsb,TER94,0
Rel,Mnt,0
odd,CG31781,0
abd-A,bru-3,1
srp,tou,0
twi,CG5522,0
ken,Pvf3,1
fkh,ome,0
jumu,v,0
Hr46,nAcRalpha-96Ab,0
Pph13,beat-IIIc,1
GATAe,Mbs,0
kay,ced-6,1
kay,ACXD,0
exex,CG4781,1
vvl,CG3191,0
cnc,CG9663,1
crp,CG12723,0
GATAe,mex1,1
GATAe,CG14521,0
l(1)sc,CG13928,0
kay,CG8920,1
CG12054,dm,1
kay,Ipp,0
l(1)sc,odd,0
tup,stumps,1
nerfin-1,egl,1
GATAe,Oatp33Eb,1
nerfin-1,CG14762,1
br,Ets65A,0
lola,CG6329,1
bowl,aret,0
HGTX,Sur,1
srp,Odc1,1
grh,CG6847,1
E2f,crol,1
grh,larp,1
kay,CG6345,1
NFAT,vg,0
E2f,btsz,1
ken,Ubx,0
sob,CG10565,1
sna,capu,1
jumu,Ubx,0
Usf,mub,0
nerfin-1,CG14509,1
p53,CG17124,0
jumu,CG3699,0
tgo,Rox8,1
grh,Kr,0
Sry-beta,CG10249,0
Rel,CG4050,1
kay,CG31368,1
E2f,PR2,0
kay,Myo61F,1
jumu,TER94,1
abd-A,igl,1
Hr46,GlyP,1
fkh,RpI135,0
BtbVII,milt,1
grh,CG11337,0
BtbVII,Vinc,1
jumu,ScpX,1
kay,CG9300,0
Hr46,Sirt2,0
kay,Fdh,0
Dp,egl,1
jumu,Oscillin,1
tgo,CG5828,0
D,CG32137,0
Sox21b,tup,1
pdm2,CG17572,0
Hsf,TSG101,1
Dp,Argk,1
CrebA,Vinc,0
ac,CG13606,0
Hr39,inx7,1
grh,NFAT,1
l(1)sc,opa,0
grh,CG8468,1
crol,CG31028,0
p53,p53,1
Sry-beta,CG2865,0
Dp,CG15589,0
crp,G-ialpha65A,0
srp,CG2641,1
gt,ken,1
sob,Surf4,0
tgo,GalNAc-T1,0
ac,Nep4,0
GATAe,Dl,0
ase,how,0
BtbVII,CG5873,0
lola,ferrochelatase,1
kay,Ets65A,0
bowl,Sema-5c,1
GATAe,Nrt,0
ken,Myo31DF,1
btd,CG10440,1
kay,trn,1
kay,mbc,1
bowl,zfh1,0
sna,CG3777,1
ci,CR32218,0
Mef2,ush,1
gl,apt,1
E2f,l(3)82Fd,1
ase,CG31121,1
vvl,opa,0
crol,CG13676,0
tgo,CG11255,0
E2f2,dco,1
grh,l(2)k05819,1
BtbVII,grh,1
Mef2,CG9837,0
gt,CG3376,0
grh,Dr,0
CG12054,dac,0
gt,CG8920,1
BtbVII,chif,1
grh,CG8861,0
kay,CG12708,0
srp,CG14629,1
Hsf,CG4723,0
nerfin-1,Dg,0
jumu,l(2)09851,1
BtbVII,CG4612,1
vvl,CG12926,0
bowl,ed,1
nerfin-1,CG31038,0
grh,Oatp74D,0
Hsf,jumu,1
BtbVII,CG31122,1
sna,Cad74A,1
kay,lmd,1
Ubx,CG14521,1
Sry-beta,Dgk,0
Hr39,pgant5,1
toe,Antp,1
CG12054,Dl,0
kay,scrt,0
srp,CG3800,0
toe,CG2865,0
lola,mnd,0
Hr46,slmb,1
kay,cup,1
crp,tara,1
grh,Hr96,0
fkh,Dat,1
ken,Gli,0
BtbVII,CG15743,0
ac,TFAM,1
Rx,Mdr65,1
lab,pen,0
Rel,RhoGAP18B,1
drm,tkv,1
BtbVII,CG9394,0
Rel,Ect4,1
srp,CG31431,1
BtbVII,dsx,1
ac,CG3792,0
sna,CG6726,0
sob,Oatp74D,1
gl,eya,1
GATAe,CG17032,0
sob,debcl,0
odd,CG15382,1
bowl,CG6040,1
BtbVII,dac,1
dm,CG17337,0
srp,tok,0
bowl,dp,1
Usf,pxb,0
lola,sm,1
srp,CG7470,1
Sry-beta,Sec61beta,0
tgo,fs(1)h,1
GATAe,yip7,1
srp,jing,0
BtbVII,stau,1
br,flfl,1
Rx,Gad1,1
crol,Egfr,1
nerfin-1,Appl,1
srp,Kr-h1,0
crol,CG14408,0
grh,CG32137,1
crol,CG17786,0
br,gcm,0
l(1)sc,debcl,1
Usf,jbug,0
kay,Rab23,0
Hsf,tkv,0
tgo,alpha-Est4,0
Rx,Sema-5c,0
gl,so,1
nerfin-1,tkv,1
E2f2,CG8979,1
Rx,Pif1A,0
HLH106,smi35A,0
Usf,CG10050,1
abd-A,aret,1
gt,Mgat2,1
l(1)sc,toe,1
kay,G-ialpha65A,1
Su(H),cry,1
kay,Moe,0
vvl,fng,0
Dp,CG3964,1
Hsf,CG3008,0
BtbVII,ttk,1
Hr39,nvy,0
Rx,HGTX,1
grh,CG4080,0
ase,CG12075,1
vvl,CG4194,0
tgo,Glu-RI,0
kay,CG32278,1
Usf,Idh,0
Xbp1,scf,1
pdm2,CG9643,0
HGTX,CG9246,0
nerfin-1,BicD,0
odd,fng,1
vvl,CG5382,0
D,Pvf3,1
grh,CG8290,0
D,Akap200,0
BtbVII,Rox8,1
tgo,tkv,0
odd,CG14521,0
bowl,bnl,1
Ubx,nod,0
ac,bic,0
ac,fj,1
ERR,Orc5,0
GATAe,AP-2,0
Ubx,CG2865,0
l(1)sc,Pax,0
drm,knrl,1
crol,nod,0
ac,CG2656,0
jumu,CG13102,0
Hsf,CG30291,1
tup,CG31619,0
dm,CG6345,1
BtbVII,gukh,1
ac,CG13928,1
E2f,ed,1
ac,CG5903,1
Hsf,wgn,1
abd-A,CG12581,0
srp,drongo,0
D,emp,1
l(1)sc,CG31523,0
l(1)sc,E2f,0
gt,CG2865,1
sna,CG17321,0
ac,gsb-n,1
crol,ush,1
sob,XNP,0
odd,CG31121,1
grh,Appl,0
BtbVII,Gclm,0
odd,sbb,0
tup,CG11455,0
E2f,CG9503,0
CG12054,Ddc,0
sob,apt,0
bowl,fj,0
nerfin-1,Rgk1,1
Dp,Optix,0
odd,GalNAc-T1,1
tup,Pld,0
ttk,CG7839,0
Hsf,RpL13A,1
crp,nudC,1
Sox21b,btd,1
D,Fas3,1
tup,CG7993,0
Hsf,Wnt4,0
kay,wgn,0
nerfin-1,CG4022,0
CG10267,inx3,0
Hr39,CG10960,1
br,Ets65A,0
Mef2,CG11188,0
Hr46,Sulf1,1
drm,l(2)05510,1
gl,CG15097,1
gl,CG12374,0
GATAe,CG14968,1
BtbVII,qm,1
srp,Uba1,0
pdm2,btsz,0
HGTX,FucTA,1
cnc,hrg,0
srp,msk,1
nerfin-1,CG10566,1
grh,CG12206,1
vvl,smi35A,0
opa,NK7.1,1
grh,Best2,1
Hr39,sm,1
ase,fj,1
E2f,Ssdp,1
ken,crp,0
srp,Doc3,0
gt,CG14762,0
Usf,Rab23,0
grh,CG9084,0
Hr39,fra,1
tgo,Hsf,0
twi,betaTub56D,0
sob,Nrt,1
ac,CG5397,1
sob,Su(H),0
Hr39,NetA,0
nerfin-1,G-ialpha65A,1
crp,tok,0
grh,Vha68-1,0
D,dco,0
grh,CG5023,1
sob,brk,0
crol,Cyp4ad1,0
lola,Nmdmc,1
Ubx,slim,0
nerfin-1,fat-spondin,0
grh,capu,1
twi,Eip75B,0
Usf,vg,0
grh,sinu,1
Rx,Idgf4,0
nerfin-1,sm,1
vvl,nub,1
BtbVII,KrT95D,1
ttk,org-1,0
drm,tap,0
grh,LanA,1
ac,CG11255,1
ERR,CG3800,1
bowl,sktl,1
Rx,smi35A,0
abd-A,beat-IIIc,0
kay,ACXD,0
D,CG13220,0
abd-A,CrebA,0
crol,CycT,1
Sox21b,CG30115,0
Rel,CG11905,0
drm,CG30115,0
grh,CG6345,0
Pph13,chp,1
l(1)sc,CG10440,0
vvl,knk,0
Usf,RpS25,1
grh,Dhpr,0
E2f,retn,0
Xbp1,jing,0
Xbp1,dlp,0
grh,ome,1
ac,CG1806,0
jumu,eIF6,0
Hsf,CG30283,1
BtbVII,G-ialpha65A,0
sob,Doc2,1
Hsf,CG6967,1
opa,dsx,0
crol,knrl,0
bowl,CG2065,0
nerfin-1,Ect4,0
CG12054,CG5903,0
tgo,Coprox,0
Xbp1,CG13606,1
crol,CG12424,1
grh,toe,1
GATAe,Cyp9b2,1
HLH106,Ote,0
Hsf,Src64B,0
sob,l(2)09851,0
sna,CrebA,0
Trl,Trl,1
bowl,vig,0
dm,CG9630,1
so,CG6904,0
sob,Gs2,0
kay,CG7337,1
bowl,W,1
grh,CG10657,1
Hsf,bun,1
kay,Rel,1
CrebA,Hr39,1
grh,Rac2,1
sob,Fkbp13,1
HLH106,ImpE2,0
opa,dsx,0
BtbVII,CG4502,0
crp,cora,0
E2f,bru-3,0
lola,ara,0
gsb-n,S,0
odd,CG15743,1
l(1)sc,grh,1
CG12054,Sdc,1
BtbVII,Ptx1,0
abd-A,corn,0
tup,lmd,0
Hsf,Hsp27,1
D,CG14516,0
ac,yip7,0
GATAe,Pif1A,0
grh,heph,1
fkh,CG9394,0
tgo,vsg,1
Rx,toc,0
jumu,W,0
nerfin-1,hkb,1
GATAe,TepIV,0
l(1)sc,Myo31DF,0
jumu,Ptp4E,1
lola,Jheh2,1
Rx,Lsd-2,0
odd,CG14960,0
grh,mew,1
pdm2,tou,0
tgo,trx,1
Hsf,Hsp83,1
Rx,sob,0
nerfin-1,Src64B,1
odd,Ddc,0
Dr,CG4213,0
Hsf,vkg,1
Hsf,CG9837,1
sob,AP-2,1
srp,ko,0
kay,CG13321,1
ase,CG8740,1
drm,CG14509,0
l(1)sc,bowl,1
drm,CG6398,1
lab,so,0
grh,shg,1
E2f2,tou,1
nerfin-1,dsx,0
jumu,Pxn,0
ac,mRpL24,1
Rx,CG30118,0
Hsf,CG13912,1
srp,Gclm,0
kay,Mp20,1
grh,CG11395,0
Hsf,CG1749,1
HGTX,CG14253,1
gsb,CR32218,0
gl,CG15118,1
Ubx,CG32105,1
gsb,RhoBTB,0
nerfin-1,CG3714,0
Hr39,prc,1
Hsf,CG31676,0
tgo,CG10440,0
nerfin-1,tsl,0
ERR,CG10936,1
bowl,Hsp27,0
ac,gk,1
abd-A,Akt1,0
odd,cpo,0
E2f2,CG32473,0
NK7.1,fs(1)h,0
ac,apt,0
nerfin-1,sob,1
tup,HLHmbeta,0
l(1)sc,CG1621,1
kay,mthl5,1
srp,Rx,0
sna,CG32473,1
Rx,Pif1A,0
crp,CG6020,1
br,bnl,1
odd,Aats-leu,1
vvl,CG17265,0
CG12054,NK7.1,0
sob,l(2)05510,1
sob,CG11395,0
Dp,Toll-7,1
grh,PhKgamma,1
CG3065,inx3,0
tgo,Doc1,0
D,Gclm,0
kay,ifc,1
vvl,Gs2,1
ase,CG14509,1
GATAe,Su(var)2-10,0
D,Cam,1
tup,Rox8,0
E2f,apt,0
Rx,CG1140,0
CrebA,Sema-2a,1
E2f,rg,1
drm,CG1092,0
lab,MESR3,1
Hsf,Coprox,1
gl,E(Pc),0
kay,knk,0
dm,Gclm,1
srp,Cg25C,1
tgo,CG6933,0
vvl,vvl,1
nerfin-1,Tsp66E,0
bowl,CG10211,1
bowl,grh,1
srp,CG9246,0
grh,CG4781,0
Rx,Ptx1,1
grh,eyg,1
bowl,pgant5,1
GATAe,cenG1A,0
srp,CG31323,0
bowl,sob,1
crp,ase,0
drm,CG31663,0
bowl,Kr,0
GATAe,nAcRalpha-96Ab,0
Rx,Ast-C,0
ac,drongo,0
kay,CG1621,0
jumu,dve,0
Rx,Toll-6,1
tgo,drm,0
l(1)sc,capu,1
br,trx,1
lola,abd-A,0
gsb,smg,0
crol,CG32204,0
ac,CG11334,1
tgo,smi35A,1
kay,CG8974,0
bowl,CG8552,1
ase,Sema-5c,1
GATAe,CG12723,0
Rx,Cyp9b2,0
nerfin-1,Vha68-1,0
gsb,how,0
srp,Trim9,0
abd-A,CG10625,0
nub,oaf,0
Dp,Rox8,1
GATAe,Tsp42Ed,1
tup,LanA,0
kay,CG10710,1
nerfin-1,CG14591,1
ac,CG9246,1
Rx,Rab23,1
Rx,mRpL1,0
GATAe,Ets65A,0
srp,PyK,0
grh,CG3829,0
gsb,salr,1
ac,CG13305,0
tup,Ipp,1
br,CG10936,1
D,sbb,0
lola,CG9503,0
grh,ken,0
BtbVII,LpR2,1
crol,Kr,0
GATAe,Dip-C,1
vvl,CG3829,0
jumu,lola,1
ac,Rx,0
kay,opa,0
pdm2,Dr,1
Hsf,CG14207,1
Hsf,Act57B,1
bowl,jing,0
ase,NK7.1,0
grh,CG1806,1
D,Calx,1
grh,CG5287,0
sob,inx3,1
vvl,Mad,0
Rel,Brf,1
Sox21b,sgl,0
jumu,CG10082,1
crol,Mbs,1
ac,CG11417,1
Hsf,CG4089,0
gt,ebi,1
Hsf,aret,0
GATAe,heph,0
l(1)sc,CG4267,0
nerfin-1,CG11370,0
jumu,CG30497,1
HLH106,Uba1,1
BtbVII,CG8552,0
eyg,alpha-Est1,0
srp,CG1092,1
CG12054,CG7720,0
jumu,corn,1
ERR,CG32556,1
Rel,Ets21C,1
kay,sd,1
kay,ken,1
Dp,XNP,1
Hsf,gt,1
E2f,stan,1
ac,porin,0
Hr46,Oatp74D,0
lola,Mhcl,1
GATAe,CG18594,1
Rel,ref(2)P,1
kay,NUCB1,0
Hsf,Pcl,1
Sox21b,Uba1,1
grh,CG4984,0
Dp,Df31,1
srp,CG13321,0
srp,CG10960,1
BtbVII,pUf68,1
GATAe,slbo,1
tgo,CG4022,1
nerfin-1,CG14291,1
ac,CG4069,1
Mef2,Ilk,0
Sry-beta,CG17508,0
gt,cenG1A,1
jumu,LpR1,1
bowl,CG9993,1
ase,NK7.1,0
gl,CG9989,0
ac,drm,1
grh,XNP,0
al,CG1832,0
odd,SoxN,0
bowl,CG7816,0
ken,Adf1,0
Rel,alpha-Est1,0
Rel,Mdr49,1
NK7.1,CG7630,0
crp,bun,1
ase,CG30116,1
Usf,CG11048,1
drm,al,1
drm,trn,1
odd,Optix,1
gl,CG14516,1
gl,Mgat2,0
Sox21b,CG14968,0
odd,Btk29A,0
br,btsz,1
lab,Mef2,0
BtbVII,CG14509,0
jumu,Coprox,1
Optix,CG8483,1
BtbVII,abd-A,0
kay,Lmpt,1
D,CG30115,0
Pph13,gl,1
gl,CG31337,0
abd-A,Ets65A,1
srp,Oat,1
srp,CG4408,1
ken,Nmdmc,0
HLHm5,CG12075,0
lab,CG31607,0
crp,E2f,1
twi,capu,0
sob,Gli,0
gsb,dsx,0
GATAe,RhoGAP1A,0
kay,gsb,0
sob,jbug,1
en,CG13893,0
kay,kraken,1
dm,CG5819,0
Hsf,nAcRalpha-96Ab,0
opa,Cbp53E,0
tgo,rst,0
tgo,CG5522,0
ct,CG4213,0
CG12054,sog,0
Hr46,CG31559,1
srp,CG6904,0
Rx,CG10565,0
gsb-n,CG9194,0
crol,fra,1
drm,CG10467,0
grh,CG14937,0
Hsf,Glu-RI,0
tup,NK7.1,1
CG12054,Mnt,1
br,LpR2,1
Ubx,otp,1
GATAe,CG7567,1
grh,vvl,0
jumu,CG1246,0
BtbVII,capt,1
srp,br,0
Hr46,CG12009,0
grh,blow,1
GATAe,CG5840,0
ERR,CG10602,0
BtbVII,CG10026,0
ken,CG1648,0
bowl,Cpr,0
twi,Him,1
crol,FucTA,0
Hsf,al,0
grh,CG5873,1
abd-A,br,0
gl,retn,1
Hr46,CG8483,0
drm,capu,0
CG10267,gsb,0
toe,Gef64C,1
Hr39,CG32264,0
ac,CG6726,1
gt,HLHmbeta,1
bowl,dsx,1
tup,stan,0
Hr39,brat,0
sob,kraken,0
nerfin-1,E2f,0
CG10267,E(Pc),0
ase,apt,1
kay,CG4297,1
lola,CG12723,0
lola,Lac,0
odd,Gad1,0
Hr39,mRpS29,0
Trl,RpI135,0
D,CG9134,1
ase,E(Pc),0
Hsf,jbug,0
sna,Hn,0
twi,Act5C,0
jumu,CBP,0
lab,ImpL2,1
sob,Msr-110,1
E2f,shg,1
Hsf,l(1)G0193,0
kay,Cyp301a1,1
pdm2,btd,0
nerfin-1,ena,0
srp,ss,0
grh,CG5059,0
kay,CG16778,0
BtbVII,br,1
Hsf,RpI135,1
Dp,l(2)03709,0
ac,CG17896,1
sna,comm2,1
Ubx,Antp,1
grh,l(3)05822,0
toe,RhoGAP19D,0
CG10267,HLHmbeta,1
HGTX,milt,0
jumu,TBPH,1
Hsf,CG17834,1
GATAe,CG17027,1
Hsf,CG9630,1
jumu,pdm2,0
grh,Tsp29Fa,0
Dp,inx3,0
bowl,CG11961,0
BtbVII,CG13784,0
Rx,gt,0
Hr46,CG4680,0
nerfin-1,CG7082,0
nerfin-1,CG9657,0
al,CG12708,1
grh,Rnp4F,0
BtbVII,tara,1
Hr46,CG13606,1
D,CG32369,0
sna,ed,0
Sox21b,tsl,1
grh,CG3624,0
tgo,how,1
disco,disco,1
fkh,CG10958,0
disco,vig,0
ase,CG1140,0
Hr39,CG1146,0
sob,CG6455,1
crp,mRpL45,1
Hsf,Ets65A,0
ac,CG1671,1
gsb-n,Nplp1,1
Hsf,Mlc2,1
lab,gsb-n,1
lab,gsb,1
srp,Tsp66E,0
E2f,CG1749,0
grh,CG10211,1
jumu,ferrochelatase,1
jumu,NK7.1,0
sna,net,1
sna,sbb,0
twi,htl,1
odd,Gef64C,0
bowl,CG2083,0
GATAe,RhoGAP68F,1
srp,lab,1
vvl,stan,1
srp,osp,0
grh,CG8112,0
nerfin-1,Bgb,0
grh,Cyp4g15,1
jumu,wdn,1
fkh,CG31323,1
ase,Cad74A,1
kay,CG7227,0
crol,NFAT,1
jumu,CG6726,1
al,al,1
net,for,0
fkh,CG31038,0
E2f2,tok,0
ci,CG3529,0
sob,CG13784,0
en,en,1
bowl,ct,0
E2f,beat-IIIc,0
lola,Myo61F,0
grh,CG15118,0
crol,RhoGAP92B,0
tgo,Dhpr,0
Rx,Shal,1
kay,CG30115,1
Hr39,dsx,0
nerfin-1,l(2)k16918,1
srp,CG31121,0
jumu,CG30291,1
Hr46,CG10512,1
net,CG9630,1
GATAe,CG31004,1
nerfin-1,CG18599,0
ase,bru-3,1
Rel,CG11617,0
sna,fj,1
so,CG17508,0
tup,arr,0
crp,CG8031,0
kay,CG3624,1
Mad,Fas3,1
gl,MESR3,0
BtbVII,Oatp58Dc,0
srp,Pxn,1
kay,CG14762,0
bowl,Mad,1
Rx,alpha-Est5,0
tgo,stck,1
CG10267,how,0
BtbVII,CG5888,0
srp,CG3829,1
Ubx,Ubx,1
jumu,CG3267,0
drm,ush,0
jumu,Sema-5c,0
gsb,Tsp42El,0
kay,mRpL24,1
sna,debcl,1
Hr46,CG31663,0
kay,CG7720,0
Rx,pyd,0
tgo,Hr39,1
l(1)sc,fj,1
jumu,CG11255,1
ac,REG,1
GATAe,Hexo2,0
crol,CG2083,1
grh,tup,0
GATAe,CG4019,1
AP-2,ImpE1,0
ac,pit,1
Sry-beta,CG13784,1
Rx,CG1124,1
lola,beat-IIIc,1
tgo,CG32264,1
eyg,CG32486,0
crol,CG3328,0
l(1)sc,CG6495,0
fkh,CG31547,1
grh,faf,1
Hr46,CG16959,1
vvl,vimar,0
E2f,CG1910,1
crp,mei-P26,0
l(1)sc,dock,1
srp,kay,0
GATAe,CycE,0
GATAe,alpha-Est4,1
Hsf,CG3191,0
Hr46,CG31523,1
crol,ed,1
nerfin-1,CG31619,1
Usf,lid,0
nerfin-1,CG8920,0
crp,Ast,0
Trl,CG9084,0
eyg,olf413,1
bowl,Sec61beta,0
grh,CG18446,0
ken,CG5428,1
Hr39,CG4022,0
tgo,RhoGAP1A,1
gl,GATAe,0
l(1)sc,ImpL2,0
grh,bib,1
grh,Pld,1
bowl,th,0
Hr46,CG1440,1
lola,CG6765,1
Adf1,abd-A,0
Hsf,CG32626,1
GATAe,CG11905,0
bowl,sbb,1
Hsf,MICAL-like,0
E2f,W,1
ken,grh,0
Xbp1,CaBP1,1
grh,zfh1,0
Hr39,eya,0
Xbp1,CG15044,0
drm,CG6689,0
Rx,ush,0
fkh,chp,0
Hsf,dan,0
kay,CrebA,0
tup,wg,1
abd-A,eyg,1
Hsf,CG15828,1
CTCF,CG11015,1
fkh,CG31004,0
jumu,sax,0
Hsf,Toll-6,0
GATAe,Glu-RI,0
kay,CG2010,1
E2f,Skeletor,0
sob,CG5819,1
Hr46,AP-2,0
Hr46,gsb,0
grh,CG6329,0
jumu,CG14516,0
ac,Su(H),0
br,E(Pc),1
vvl,Rapgap1,1
BtbVII,CG10672,0
ken,CG10211,1
grh,tkv,1
br,crol,1
BtbVII,CG13004,0
grh,Cad74A,1
grh,CG3191,0
BtbVII,odd,0
Rel,CG4945,1
Xbp1,sinu,0
grh,for,1
l(1)sc,fra,0
ttk,CG10082,0
Usf,CG14960,1
grh,CG14598,0
gt,CG10936,0
HGTX,Lis-1,0
kay,CG17896,0
srp,CG32105,0
tup,Pxn,1
Hsf,CG5177,1
ac,kst,0
HLH106,CG11417,1
GATAe,CG31337,0
nub,Oatp58Dc,0
kay,CG30116,0
Hr39,aret,0
sna,CG3328,1
lola,CG7724,0
l(1)sc,CG10936,1
HLH106,GalNAc-T1,0
l(1)sc,pros,1
Rx,Glu-RI,1
GATAe,CG13704,1
kay,CG10585,0
jumu,CG17265,1
br,Brf,0
Rx,igl,1
Rx,CG31663,1
drm,CG30159,0
srp,CG4386,0
E2f,CycE,1
br,CG8483,0
jumu,Picot,0
grh,so,1
tgo,Eip75B,1
grh,ci,1
srp,Gel,1
Pph13,Bx,1
l(1)sc,abd-A,1
odd,Rab2,1
D,Act87E,0
Hsf,Toll-6,0
Xbp1,Uba1,0
GATAe,Mbs,0
HGTX,tap,0
D,Pld,0
tgo,jing,1
nerfin-1,knk,1
gl,Gld,0
Rel,CG13362,1
br,sd,1
gsb,D,1
E2f,Gasp,0
tgo,mor,1
grh,CG13643,0
CrebA,pyd,0
Adf1,lid,1
HGTX,CG4680,1
Ubx,bnl,0
gl,NetB,1
Hr39,Fkbp13,1
CG10267,gsb,0
grh,CG17754,1
fkh,CG4829,1
Ubx,htl,1
gl,Oatp58Dc,0
Hr46,Cyp4g15,0
Hsf,Hsp26,1
kay,CG7714,0
gl,inaC,1
ase,CG8486,0
GATAe,CG8560,1
gt,Smg5,0
jumu,CG4365,1
Rx,CG31619,0
sna,CG11961,1
bowl,Kr-h1,0
nerfin-1,CG17896,1
br,CG8034,0
grh,Dl,1
gsb,CG8483,1
kay,CG4065,1
ken,SoxN,1
gt,Idgf4,0
Rx,CG6218,1
srp,CG17121,1
kay,Pif1A,1
E2f2,CG18446,0
ase,Doc2,0
Hr46,twi,0
gt,twi,0
grh,CG17265,1
srp,CG15118,1
kay,CG7567,0
odd,cenG1A,1
gl,tin,0
lola,rg,1
srp,CG33275,0
bowl,decay,0
Hr46,CG3835,1
abd-A,CG14960,0
grh,CrebA,1
grh,Rab23,1
odd,5-HT7,0
D,knk,1
lola,Gld,1
Adf1,E(Pc),1
gt,CG33144,1
grh,HLHm5,0
bowl,rhea,0
gt,CG3987,0
GATAe,bun,0
tgo,slim,0
lola,CG13784,0
lola,G-oalpha47A,1
Xbp1,ru,0
odd,lmd,0
AP-2,gsb,1
D,Ets65A,1
jumu,trn,0
grh,Rab8,0
gsb,odd,1
srp,CG7777,1
ac,fs(1)h,0
Xbp1,Xbp1,1
toe,ed,1
BtbVII,CG33144,1
ci,pip,0
cnc,dco,0
Hr39,CG6206,0
grh,GstS1,1
D,pyd,0
Hr39,CG12194,0
vvl,kst,0
tup,CG9134,1
gl,CG8596,1
Adf1,CG7702,0
grh,jp,1
GATAe,CG32982,0
tup,Mp20,0
Ubx,CG14636,0
srp,CG18446,1
E2f,tara,1
ac,CG7816,0
gsb,GlyP,0
kay,CG33521,1
ac,Nep4,0
odd,l(3)03670,0
crol,NetA,0
AP-2,CG12424,0
gt,Zn72D,0
gl,CG3394,0
BtbVII,Cyp6a13,0
D,CG3394,0
srp,Ts,1
nerfin-1,Ets21C,0
gl,ap,1
Hr39,Hr46,1
Hsf,pip,1
Usf,dlp,0
grh,ced-6,1
Hr39,mub,1
Rx,Lkr,1
toe,MESR3,0
drm,Btk29A,0
grh,dlp,1
kay,yellow-b,1
E2f,CG10672,0
ase,Ets65A,1
srp,CG10211,0
nerfin-1,wdn,0
Hsf,kay,1
l(1)sc,sob,0
GATAe,bnl,0
grh,Dp1,1
BtbVII,CG10321,1
l(1)sc,Cbp53E,1
kay,CG31675,1
nerfin-1,CG3376,1
ERR,CG9657,1
lola,CG10672,1
Hr39,ced-6,0
sob,ac,1
Hr39,SC35,0
BtbVII,pan,1
Xbp1,pyd,0
drm,Doc2,1
toe,noc,0
Dr,ed,0
jumu,pen,0
ac,CG9253,1
lola,CG7337,1
Xbp1,NK7.1,0
bowl,CG8668,0
HGTX,Gp150,0
br,Oatp58Dc,0
Xbp1,flw,1
jumu,SerT,0
ERR,sra,1
fkh,lid,0
ac,CG8545,1
lola,CG32204,1
Hr39,tok,0
gt,CG11334,0
E2f,pyd,1
bowl,CG9990,1
GATAe,abd-A,0
E2f,CG31559,0
kay,CG11771,1
eyg,Src64B,0
ase,CG13822,0
Hr39,Mp20,0
ERR,l(1)G0289,0
bowl,Calx,1
BtbVII,E2f,1
Rel,Gp150,0
abd-A,pros,1
Sox21b,knk,0
vvl,CG13183,0
tgo,jp,0
bowl,jumu,0
crol,Hph,0
tup,egl,0
grh,Moe,1
Mef2,m1,0
grh,CG12723,0
Trl,Ets65A,0
D,Nos,1
Sox21b,gsb-n,1
grh,CG12075,1
fkh,Picot,1
lola,tipE,1
crol,br,1
CrebA,tou,0
Hsf,CG5828,0
Rel,noc,1
drm,CG31607,1
E2f,CG31122,1
CG12054,nudC,1
Ubx,CG31523,0
Ubx,pdm2,1
twi,Antp,1
CG12054,CG31607,0
BtbVII,CG7265,0
odd,CG12038,1
sna,Cpr,1
GATAe,Sply,1
HGTX,Antp,1
BtbVII,gsb-n,0
kay,apt,0
jumu,CG12054,1
Usf,Sec61alpha,0
jumu,ken,1
bowl,bel,0
jumu,CG5800,1
kay,CG32626,1
crol,Btk29A,1
Hsf,th,1
tgo,faf,1
drm,inx3,1
tgo,CG8979,0
Hsf,CG32043,1
ac,Msr-110,1
CrebA,smi35A,1
srp,CG14408,0
jumu,CG3529,1
Rel,CG9449,0
br,mask,0
ac,sob,1
bowl,S,1
ci,CG6040,1
fkh,trh,1
tgo,hrg,1
Hsf,CG6870,0
E2f2,Lip1,0
SoxN,Sip1,1
fkh,fkh,1
BtbVII,cenG1A,1
br,CG1129,0
Trl,tara,1
GATAe,CG10621,1
jumu,CG18522,0
jumu,al,1
srp,CG11837,0
srp,E2f,0
crol,heph,1
Ubx,Cbp53E,1
jumu,nub,0
gl,CG6415,0
crol,Ace,0
kay,CG4612,0
CG12054,Coprox,1
net,CG3967,1
Adf1,CG32687,0
ttk,ase,1
nerfin-1,Rx,1
ttk,AP-2,0
kay,CG10672,1
srp,CG31337,1
tgo,CG7720,0
Dp,Rbf2,1
br,Glu-RI,0
lola,CG4660,1
BtbVII,PR2,1
jumu,CG8920,1
GATAe,stan,0
BtbVII,Argk,1
D,CG30373,0
Hsf,CG2765,1
E2f,Lmpt,0
Hr39,CG9171,1
HGTX,Rya-r44F,1
nerfin-1,beat-IIa,1
Dp,CG10359,0
Hsf,fng,1
drm,ss,1
sob,CG4091,0
srp,Hexo2,1
nerfin-1,CG3371,1
kay,vig,0
GATAe,Rapgap1,0
Rx,E2f,0
E2f2,trh,0
bowl,Gp150,0
sob,gsb-n,1
br,E2f,1
grh,Btk29A,1
Xbp1,nod,1
odd,PyK,1
kay,CG11337,1
ac,al,1
srp,SoxN,0
Hr46,CG1648,1
BtbVII,CG2083,1
lab,CG15828,0
Mef2,CG2083,1
AP-2,odd,1
grh,fra,1
ac,Cdc42,0
GATAe,Cyp4ad1,1
odd,CG11771,1
Hsf,Tm2,1
Rx,sob,0
BtbVII,crq,0
BtbVII,CG6937,0
